source,outcome_pair,reference,primary,iteration,rho_T,rho_G,delta_rho,coverage_auc_T,coverage_auc_G,delta_coverage_auc,random_order_expected_auc
papalexi2021_rep1,papalexi2021_rep2__papalexi2021_rep3,same_identity_disjoint_cells,True,0,0.6598489065858262,0.6468580275830115,-0.012990879002814704,0.8569742785748949,0.8507664086262161,-0.006207869948678835,0.7132352941176471
papalexi2021_rep1,papalexi2021_rep2__papalexi2021_rep3,same_identity_disjoint_cells,True,1,0.40779827896438947,0.5996305497974103,0.1918322708330208,0.7503491589929198,0.7785791772045556,0.028230018211635843,0.6397058823529411
papalexi2021_rep1,papalexi2021_rep2__papalexi2021_rep3,same_identity_disjoint_cells,True,2,0.5660493827160493,0.5876543209876542,0.021604938271604923,0.7696708028131038,0.7722885766854732,0.002617773872369389,0.5919117647058824
papalexi2021_rep1,papalexi2021_rep2__papalexi2021_rep3,same_identity_disjoint_cells,True,3,0.20258682140772843,0.48797493852536555,0.2853881171176371,0.6613310375826595,0.7205088057907585,0.059177768208098946,0.6121323529411765
papalexi2021_rep1,papalexi2021_rep2__papalexi2021_rep3,same_identity_disjoint_cells,True,4,0.656159518773945,0.6831077942684313,0.026948275494486307,0.8116544595350823,0.8199893410547066,0.008334881519624249,0.6783088235294118
papalexi2021_rep1,papalexi2021_rep2__papalexi2021_rep3,same_identity_disjoint_cells,True,5,0.4765200398233374,0.6323287329311584,0.15580869310782103,0.7167167967557241,0.7883120749456713,0.07159527818994726,0.6286764705882353
papalexi2021_rep1,papalexi2021_rep2__papalexi2021_rep3,same_identity_disjoint_cells,True,6,0.5525356810557536,0.5012376256557227,-0.05129805540003085,0.8518356650858272,0.8314715189174532,-0.02036414616837401,0.7205882352941176
papalexi2021_rep1,papalexi2021_rep2__papalexi2021_rep3,same_identity_disjoint_cells,True,7,0.27053933873307684,0.570461646477955,0.2999223077448782,0.6439756172076674,0.7686063786031346,0.12463076139546725,0.6194852941176471
papalexi2021_rep1,papalexi2021_rep2__papalexi2021_rep3,same_identity_disjoint_cells,True,8,0.7424030356785256,0.5031052219725203,-0.23929781370600534,0.7717698689138459,0.7397994377246647,-0.03197043118918119,0.6213235294117647
papalexi2021_rep1,papalexi2021_rep2__papalexi2021_rep3,same_identity_disjoint_cells,True,9,0.5796300713536751,0.6753091566143988,0.09567908526072377,0.7570742424386454,0.8025627918794008,0.04548854944075542,0.6507352941176471
papalexi2021_rep1,papalexi2021_rep2__papalexi2021_rep3,same_identity_disjoint_cells,True,10,0.7222906403940885,0.683692437148876,-0.03859820324521257,0.8034085168844035,0.7966365766106249,-0.006771940273778587,0.6433823529411765
papalexi2021_rep1,papalexi2021_rep2__papalexi2021_rep3,same_identity_disjoint_cells,True,11,0.17567138255442177,0.5613819698699372,0.3857105873155154,0.6166878188612618,0.7383956632023781,0.12170784434111637,0.6011029411764706
papalexi2021_rep1,papalexi2021_rep2__papalexi2021_rep3,same_identity_disjoint_cells,True,12,0.5671641791044776,0.50249532806422,-0.06466885104025755,0.7520074406232224,0.7317443180737948,-0.020263122549427637,0.6194852941176471
papalexi2021_rep1,papalexi2021_rep2__papalexi2021_rep3,same_identity_disjoint_cells,True,13,0.6474954855999218,0.5200750126907756,-0.12742047290914615,0.8120999775587254,0.7771884404642838,-0.034911537094441614,0.6783088235294118
papalexi2021_rep1,papalexi2021_rep2__papalexi2021_rep3,same_identity_disjoint_cells,True,14,0.8029556650246304,0.6693410599230827,-0.13361460510154777,0.8597471595890173,0.8420641456054518,-0.01768301398356542,0.7077205882352942
papalexi2021_rep1,papalexi2021_rep2__papalexi2021_rep3,same_identity_disjoint_cells,True,15,0.5539134539776419,0.556105266841449,0.0021918128638070966,0.7642875512847398,0.7654553581510761,0.0011678068663363295,0.6139705882352942
papalexi2021_rep1,papalexi2021_rep2__papalexi2021_rep3,same_identity_disjoint_cells,True,16,0.8424968139076223,0.7438277273494978,-0.09866908655812456,0.8417556482949001,0.8234535000754724,-0.018302148219427772,0.6323529411764706
papalexi2021_rep1,papalexi2021_rep2__papalexi2021_rep3,same_identity_disjoint_cells,True,17,0.5775072188853543,0.7947785381618871,0.21727131927653287,0.830304950570143,0.8669164064141357,0.036611455843992724,0.6930147058823529
papalexi2021_rep1,papalexi2021_rep2__papalexi2021_rep3,same_identity_disjoint_cells,True,18,0.3969163025902865,0.5811808715257325,0.18426456893544602,0.7100957820653971,0.7418772996695249,0.03178151760412773,0.6139705882352942
papalexi2021_rep1,papalexi2021_rep2__papalexi2021_rep3,same_identity_disjoint_cells,True,19,0.49815276073666065,0.5151150092495613,0.01696224851290068,0.8016033087643165,0.8073939446330775,0.0057906358687609405,0.6893382352941176
papalexi2021_rep1,papalexi2021_rep2__papalexi2021_rep3,same_identity_disjoint_cells,True,20,0.5768010522047231,0.5478553652168286,-0.02894568698789446,0.8153962433603977,0.8375360724855211,0.022139829125123356,0.71875
papalexi2021_rep1,papalexi2021_rep2__papalexi2021_rep3,same_identity_disjoint_cells,True,21,0.7193396915049055,0.5508318975327233,-0.16850779397218218,0.7614820050252035,0.7266400495950128,-0.03484195543019064,0.59375
papalexi2021_rep1,papalexi2021_rep2__papalexi2021_rep3,same_identity_disjoint_cells,True,22,0.7630620623971028,0.7591344366793171,-0.00392762571778571,0.8097701103742951,0.8156708885177203,0.005900778143425156,0.6599264705882353
papalexi2021_rep1,papalexi2021_rep2__papalexi2021_rep3,same_identity_disjoint_cells,True,23,0.7768193328323316,0.7248058020764029,-0.05201353075592874,0.7917185053268531,0.7933331922126797,0.001614686885826666,0.6029411764705882
papalexi2021_rep1,papalexi2021_rep2__papalexi2021_rep3,same_identity_disjoint_cells,True,24,0.6922506703264045,0.7643431435921453,0.07209247326574075,0.8267454426880789,0.8428772097159856,0.01613176702790664,0.6727941176470589
papalexi2021_rep1,papalexi2021_rep2__papalexi2021_rep3,same_identity_disjoint_cells,True,25,0.4764593021628706,0.4476152937499881,-0.028844008412882483,0.8166545534854899,0.8420501852230333,0.025395631737543445,0.7297794117647058
papalexi2021_rep1,papalexi2021_rep2__papalexi2021_rep3,same_identity_disjoint_cells,True,26,0.6166784157195988,0.6123573457395817,-0.004321069980017134,0.7529980502244776,0.7129782329298442,-0.04001981729463344,0.5974264705882353
papalexi2021_rep1,papalexi2021_rep2__papalexi2021_rep3,same_identity_disjoint_cells,True,27,0.36369380588489,0.43079239695727156,0.06709859107238159,0.7594289671725333,0.7990513749934706,0.03962240782093729,0.6875
papalexi2021_rep1,papalexi2021_rep2__papalexi2021_rep3,same_identity_disjoint_cells,True,28,0.6623479228795396,0.5354291340451288,-0.12691878883441077,0.8347179452431939,0.8188455032448329,-0.01587244199836102,0.7132352941176471
papalexi2021_rep1,papalexi2021_rep2__papalexi2021_rep3,same_identity_disjoint_cells,True,29,0.5778694224904466,0.5077121588172323,-0.07015726367321429,0.7328621241791656,0.7197947304821765,-0.013067393696989171,0.5827205882352942
papalexi2021_rep1,papalexi2021_rep2__papalexi2021_rep3,same_identity_disjoint_cells,True,30,0.7003720433834657,0.672829245543476,-0.027542797839989697,0.8052963636049169,0.7970276970182355,-0.00826866658668135,0.6323529411764706
papalexi2021_rep1,papalexi2021_rep2__papalexi2021_rep3,same_identity_disjoint_cells,True,31,0.6331127738187203,0.4646968588958416,-0.16841591492287872,0.7699345101445556,0.7432859391485582,-0.026648570995997378,0.6305147058823529
papalexi2021_rep1,papalexi2021_rep2__papalexi2021_rep3,same_identity_disjoint_cells,True,32,0.33683791550225406,0.4731655234663635,0.13632760796410942,0.680828415024998,0.7104123344756454,0.029583919450647422,0.6029411764705882
papalexi2021_rep1,papalexi2021_rep2__papalexi2021_rep3,same_identity_disjoint_cells,True,33,0.5771609336695273,0.3756214009382194,-0.20153953273130787,0.8175085289326207,0.7888680237066374,-0.02864050522598327,0.6709558823529411
papalexi2021_rep1,papalexi2021_rep2__papalexi2021_rep3,same_identity_disjoint_cells,True,34,0.4219637593413779,0.46310822896305776,0.041144469621679836,0.8447419680713367,0.8649657842877998,0.020223816216463075,0.7536764705882353
papalexi2021_rep1,papalexi2021_rep2__papalexi2021_rep3,same_identity_disjoint_cells,True,35,0.5291238544175442,0.6933992682789114,0.16427541386136724,0.7539541714593078,0.7801887671332416,0.026234595673933825,0.6102941176470589
papalexi2021_rep1,papalexi2021_rep2__papalexi2021_rep3,same_identity_disjoint_cells,True,36,0.45882783936771626,0.6110779644414421,0.15225012507372587,0.7663065303142886,0.8092694943824918,0.04296296406820321,0.6452205882352942
papalexi2021_rep1,papalexi2021_rep2__papalexi2021_rep3,same_identity_disjoint_cells,True,37,0.7617336195900677,0.7617336195900677,0.0,0.8224063320138147,0.8270046493419114,0.004598317328096679,0.6452205882352942
papalexi2021_rep1,papalexi2021_rep2__papalexi2021_rep3,same_identity_disjoint_cells,True,38,0.4337901187111891,0.3648150928328242,-0.0689750258783649,0.7940554199921089,0.7849171394613652,-0.009138280530743725,0.6470588235294118
papalexi2021_rep1,papalexi2021_rep2__papalexi2021_rep3,same_identity_disjoint_cells,True,39,0.707860847160715,0.7595942357663875,0.05173338860567256,0.7943649015164479,0.8041875977132249,0.009822696196777003,0.6654411764705882
papalexi2021_rep1,papalexi2021_rep2__papalexi2021_rep3,same_identity_disjoint_cells,True,40,0.6069952233978566,0.5571366902777946,-0.049858533120062054,0.819303614553939,0.777098151001968,-0.04220546355197097,0.6599264705882353
papalexi2021_rep1,papalexi2021_rep2__papalexi2021_rep3,same_identity_disjoint_cells,True,41,0.37291287279537044,0.7059914873583795,0.333078614563009,0.7457976135744302,0.7968374208872155,0.051039807312785346,0.6268382352941176
papalexi2021_rep1,papalexi2021_rep2__papalexi2021_rep3,same_identity_disjoint_cells,True,42,0.4959878928871602,0.33251256742511764,-0.16347532546204258,0.6959512533974579,0.6476975208146812,-0.048253732582776654,0.5569852941176471
papalexi2021_rep1,papalexi2021_rep2__papalexi2021_rep3,same_identity_disjoint_cells,True,43,0.6294723505364794,0.4996912646004967,-0.12978108593598275,0.7797554790911463,0.7572830743002673,-0.022472404790878975,0.6323529411764706
papalexi2021_rep1,papalexi2021_rep2__papalexi2021_rep3,same_identity_disjoint_cells,True,44,0.48983373438312644,0.7908512750725486,0.30101754068942216,0.727814563218164,0.7950321138456411,0.06721755062747714,0.5845588235294118
papalexi2021_rep1,papalexi2021_rep2__papalexi2021_rep3,same_identity_disjoint_cells,True,45,0.7299134734239803,0.7015491980078844,-0.028364275416095874,0.7642278540675491,0.7604892035228324,-0.0037386505447166707,0.5790441176470589
papalexi2021_rep1,papalexi2021_rep2__papalexi2021_rep3,same_identity_disjoint_cells,True,46,0.5124548896050903,0.41724466837599333,-0.095210221229097,0.8315767028650894,0.8315553725818107,-2.1330283278775397e-05,0.7371323529411765
papalexi2021_rep1,papalexi2021_rep2__papalexi2021_rep3,same_identity_disjoint_cells,True,47,0.5212168613011049,0.4740420271940668,-0.0471748341070381,0.7373456835299936,0.7367459207519221,-0.0005997627780714998,0.5992647058823529
papalexi2021_rep1,papalexi2021_rep2__papalexi2021_rep3,same_identity_disjoint_cells,True,48,0.589010013576377,0.5854121801240516,-0.0035978334523253386,0.7117971555309358,0.7241940315307529,0.012396875999817092,0.5349264705882353
papalexi2021_rep1,papalexi2021_rep2__papalexi2021_rep3,same_identity_disjoint_cells,True,49,0.43943676824175476,0.5576830971412363,0.11824632889948156,0.6194622209057762,0.6871638972931144,0.06770167638733826,0.5477941176470589
papalexi2021_rep1,papalexi2021_rep2__papalexi2021_rep3,same_identity_disjoint_cells,True,50,0.14055859586568364,0.33744608518555563,0.196887489319872,0.7000579998985059,0.7607156837179545,0.06065768381944858,0.6507352941176471
papalexi2021_rep1,papalexi2021_rep2__papalexi2021_rep3,same_identity_disjoint_cells,True,51,0.39753207600268836,0.6269331936052788,0.2294011176025904,0.8067946055970493,0.8334632401011618,0.0266686345041125,0.6985294117647058
papalexi2021_rep1,papalexi2021_rep2__papalexi2021_rep3,same_identity_disjoint_cells,True,52,0.6093985040095826,0.6403940886699506,0.030995584660368003,0.7647831827438228,0.7674774604840566,0.002694277740233786,0.5955882352941176
papalexi2021_rep1,papalexi2021_rep2__papalexi2021_rep3,same_identity_disjoint_cells,True,53,0.6025888297999263,0.46539505834886263,-0.1371937714510637,0.8016493643683307,0.7796574265675693,-0.021991937800761363,0.6691176470588235
papalexi2021_rep1,papalexi2021_rep2__papalexi2021_rep3,same_identity_disjoint_cells,True,54,0.40321652574203937,0.5783950617283949,0.17517853598635558,0.842108648272143,0.8660312687480725,0.023922620475929413,0.7591911764705882
papalexi2021_rep1,papalexi2021_rep2__papalexi2021_rep3,same_identity_disjoint_cells,True,55,0.6728741209419155,0.8296184089946639,0.15674428805274843,0.8081478760990548,0.835329395559986,0.02718151946093117,0.6341911764705882
papalexi2021_rep1,papalexi2021_rep2__papalexi2021_rep3,same_identity_disjoint_cells,True,56,0.7896063792997889,0.6232243313601092,-0.1663820479396797,0.8503683415596802,0.8331392216191632,-0.017229119940517013,0.6580882352941176
papalexi2021_rep1,papalexi2021_rep2__papalexi2021_rep3,same_identity_disjoint_cells,True,57,0.6654329895189263,0.6619257518888196,-0.00350723763010663,0.8634839915887168,0.8605750388176318,-0.0029089527710850493,0.7702205882352942
papalexi2021_rep1,papalexi2021_rep2__papalexi2021_rep3,same_identity_disjoint_cells,True,58,0.659460652919092,0.6278735266609513,-0.03158712625814064,0.7271625016299542,0.6920286684492458,-0.035133833180708396,0.5477941176470589
papalexi2021_rep1,papalexi2021_rep2__papalexi2021_rep3,same_identity_disjoint_cells,True,59,0.5899815599449144,0.4242425053691942,-0.1657390545757202,0.8195282927076287,0.8081580784651718,-0.011370214242456878,0.6783088235294118
papalexi2021_rep1,papalexi2021_rep2__papalexi2021_rep3,same_identity_disjoint_cells,True,60,0.49690746283521203,0.8766961041964885,0.37978864136127644,0.6907839026662015,0.8063852233226693,0.11560132065646778,0.5827205882352942
papalexi2021_rep1,papalexi2021_rep2__papalexi2021_rep3,same_identity_disjoint_cells,True,61,0.7969041775353457,0.7389718713106904,-0.05793230622465528,0.7963603291052469,0.792032344997851,-0.004327984107395877,0.5882352941176471
papalexi2021_rep1,papalexi2021_rep2__papalexi2021_rep3,same_identity_disjoint_cells,True,62,0.39306011794983764,0.42583165986545624,0.032771541915618596,0.7472831114483364,0.7454404177857897,-0.001842693662546635,0.5808823529411765
papalexi2021_rep1,papalexi2021_rep2__papalexi2021_rep3,same_identity_disjoint_cells,True,63,0.6881188118811881,0.5228681374007321,-0.16525067448045594,0.7769004878663724,0.7469576901616262,-0.029942797704746282,0.6029411764705882
papalexi2021_rep1,papalexi2021_rep2__papalexi2021_rep3,same_identity_disjoint_cells,True,64,0.5951836207721314,0.6190770402986222,0.023893419526490822,0.7667427715978754,0.7725725958789864,0.005829824281111007,0.5974264705882353
papalexi2021_rep1,papalexi2021_rep2__papalexi2021_rep3,same_identity_disjoint_cells,True,65,0.46191801006424654,0.45173267326732675,-0.010185336796919797,0.6540742344389079,0.6482335830559771,-0.005840651382930773,0.5183823529411765
papalexi2021_rep1,papalexi2021_rep2__papalexi2021_rep3,same_identity_disjoint_cells,True,66,0.3776678504683993,0.6964837845968781,0.3188159341284788,0.7657046857590217,0.8400291001110096,0.07432441435198789,0.7095588235294118
papalexi2021_rep1,papalexi2021_rep2__papalexi2021_rep3,same_identity_disjoint_cells,True,67,0.6916409994615238,0.7196035315190419,0.027962532057518086,0.8287317711003913,0.83027456296947,0.0015427918690786857,0.6985294117647058
papalexi2021_rep1,papalexi2021_rep2__papalexi2021_rep3,same_identity_disjoint_cells,True,68,0.6806432534290019,0.6324378516028256,-0.048205401826176275,0.7738594531549766,0.76646332599782,-0.007396127157156651,0.5992647058823529
papalexi2021_rep1,papalexi2021_rep2__papalexi2021_rep3,same_identity_disjoint_cells,True,69,0.49349001009946547,0.8541415672432764,0.3606515571438109,0.703643414057828,0.8193100748072094,0.11566666074938137,0.6029411764705882
papalexi2021_rep1,papalexi2021_rep2__papalexi2021_rep3,same_identity_disjoint_cells,True,70,0.7176482969912957,0.3992583436341163,-0.31838995335717946,0.8371489516466809,0.7925394531998663,-0.04460949844681461,0.6930147058823529
papalexi2021_rep1,papalexi2021_rep2__papalexi2021_rep3,same_identity_disjoint_cells,True,71,0.42486093467731256,0.6334981458590854,0.2086372111817728,0.7631149894355452,0.7995530076061002,0.03643801817055492,0.6121323529411765
papalexi2021_rep1,papalexi2021_rep2__papalexi2021_rep3,same_identity_disjoint_cells,True,72,0.5199407162590661,0.7684275184275183,0.2484868021684522,0.7220451706387855,0.7869065998039829,0.06486142916519744,0.5974264705882353
papalexi2021_rep1,papalexi2021_rep2__papalexi2021_rep3,same_identity_disjoint_cells,True,73,0.6324257425742574,0.7567924304026333,0.1243666878283759,0.7931859685333409,0.8209465007401048,0.027760532206763888,0.6452205882352942
papalexi2021_rep1,papalexi2021_rep2__papalexi2021_rep3,same_identity_disjoint_cells,True,74,0.43121538125174297,0.5058679161386813,0.07465253488693835,0.8087277340534802,0.8274562864447165,0.018728552391236275,0.7022058823529411
papalexi2021_rep1,papalexi2021_rep2__papalexi2021_rep3,same_identity_disjoint_cells,True,75,0.17683332735437512,0.4879860462183453,0.31115271886397017,0.7250743156425468,0.7672496928592841,0.042175377216737364,0.6691176470588235
papalexi2021_rep1,papalexi2021_rep2__papalexi2021_rep3,same_identity_disjoint_cells,True,76,0.6128296143506202,0.6720103752279694,0.05918076087734914,0.8543495743971522,0.8725629684377522,0.01821339404059996,0.7058823529411765
papalexi2021_rep1,papalexi2021_rep2__papalexi2021_rep3,same_identity_disjoint_cells,True,77,0.6172376914594461,0.48548495981074913,-0.13175273164869694,0.8277775732833583,0.8106061213692594,-0.017171451914098967,0.7113970588235294
papalexi2021_rep1,papalexi2021_rep2__papalexi2021_rep3,same_identity_disjoint_cells,True,78,0.3712882661284274,0.5318910940024757,0.16060282787404828,0.7589779461035409,0.789276130353931,0.030298184250390103,0.6213235294117647
papalexi2021_rep1,papalexi2021_rep2__papalexi2021_rep3,same_identity_disjoint_cells,True,79,0.20471479775972742,0.34452762967482464,0.13981283191509722,0.7248761516981673,0.750053458562055,0.02517730686388764,0.6911764705882353
papalexi2021_rep1,papalexi2021_rep2__papalexi2021_rep3,same_identity_disjoint_cells,True,80,0.5207174774356582,0.8155473559615809,0.2948298785259227,0.8102387447441783,0.8623764367600872,0.0521376920159089,0.7022058823529411
papalexi2021_rep1,papalexi2021_rep2__papalexi2021_rep3,same_identity_disjoint_cells,True,81,0.7313168824535372,0.8945097322103395,0.16319284975680226,0.8330914252870352,0.858427996395665,0.025336571108629857,0.6544117647058824
papalexi2021_rep1,papalexi2021_rep2__papalexi2021_rep3,same_identity_disjoint_cells,True,82,0.7261467780734072,0.674333055285811,-0.05181372278759622,0.8424104848108687,0.8246757341142613,-0.01773475069660735,0.6783088235294118
papalexi2021_rep1,papalexi2021_rep2__papalexi2021_rep3,same_identity_disjoint_cells,True,83,0.8271381815085314,0.4796048163392059,-0.3475333651693255,0.7889040264270043,0.7295069590336134,-0.0593970673933909,0.5625
papalexi2021_rep1,papalexi2021_rep2__papalexi2021_rep3,same_identity_disjoint_cells,True,84,0.6342472780209759,0.7512345679012344,0.11698728988025853,0.7727071212500495,0.812767602027442,0.04006048077739255,0.6323529411764706
papalexi2021_rep1,papalexi2021_rep2__papalexi2021_rep3,same_identity_disjoint_cells,True,85,0.3716028416054648,0.13461846114985884,-0.23698438045560596,0.8708349358314215,0.8261268304155954,-0.04470810541582604,0.7518382352941176
papalexi2021_rep1,papalexi2021_rep2__papalexi2021_rep3,same_identity_disjoint_cells,True,86,0.5309124886276053,0.5360009134224533,0.0050884247948479455,0.7010469035542024,0.7407116148641343,0.03966471130993188,0.5827205882352942
papalexi2021_rep1,papalexi2021_rep2__papalexi2021_rep3,same_identity_disjoint_cells,True,87,0.0921461078766317,0.4304361110660092,0.3382900031893775,0.6664439909979487,0.7332141744501174,0.06677018345216867,0.6323529411764706
papalexi2021_rep1,papalexi2021_rep2__papalexi2021_rep3,same_identity_disjoint_cells,True,88,0.46851851851851845,0.6674954590624782,0.19897694054395976,0.7442503544849998,0.7865474288363021,0.042297074351302366,0.6176470588235294
papalexi2021_rep1,papalexi2021_rep2__papalexi2021_rep3,same_identity_disjoint_cells,True,89,0.49627944350438535,0.682549504950495,0.1862700614461097,0.7945298261907259,0.8439780061765897,0.049448179985863816,0.6985294117647058
papalexi2021_rep1,papalexi2021_rep2__papalexi2021_rep3,same_identity_disjoint_cells,True,90,0.6541075985236429,0.552469135802469,-0.10163846272117383,0.7887174473990541,0.7709097521327193,-0.017807695266334855,0.6102941176470589
papalexi2021_rep1,papalexi2021_rep2__papalexi2021_rep3,same_identity_disjoint_cells,True,91,0.5620763201289856,0.5297029702970297,-0.03237334983195583,0.7884922313785312,0.7791922278689687,-0.009300003509562504,0.6488970588235294
papalexi2021_rep1,papalexi2021_rep2__papalexi2021_rep3,same_identity_disjoint_cells,True,92,0.4537365963057121,0.5318662921012487,0.07812969579553658,0.6370023914114529,0.6843776621782677,0.0473752707668148,0.5110294117647058
papalexi2021_rep1,papalexi2021_rep2__papalexi2021_rep3,same_identity_disjoint_cells,True,93,0.6200499798198532,0.8284688851616067,0.20841890534175345,0.8536197482172289,0.8849582167340061,0.03133846851677724,0.7297794117647058
papalexi2021_rep1,papalexi2021_rep2__papalexi2021_rep3,same_identity_disjoint_cells,True,94,0.49938271604938267,0.5052437728829434,0.005861056833560752,0.8241356469486876,0.8345140782600232,0.010378431311335645,0.7040441176470589
papalexi2021_rep1,papalexi2021_rep2__papalexi2021_rep3,same_identity_disjoint_cells,True,95,0.35130785826983635,0.6368685482665067,0.2855606899966704,0.6881633026299442,0.7429108477727098,0.054747545142765586,0.6323529411764706
papalexi2021_rep1,papalexi2021_rep2__papalexi2021_rep3,same_identity_disjoint_cells,True,96,0.6231454733188774,0.6695492321054097,0.046403758786532356,0.7763245328597296,0.7935601669152166,0.017235634055487004,0.6176470588235294
papalexi2021_rep1,papalexi2021_rep2__papalexi2021_rep3,same_identity_disjoint_cells,True,97,0.44080082368182244,0.5924340230066008,0.1516331993247783,0.7485382092256551,0.7779802694122007,0.029442060186545604,0.6452205882352942
papalexi2021_rep1,papalexi2021_rep2__papalexi2021_rep3,same_identity_disjoint_cells,True,98,0.4582044222036953,0.6161509699530752,0.15794654774937988,0.7623310401992278,0.7878123756529898,0.025481335453761966,0.6415441176470589
papalexi2021_rep1,papalexi2021_rep2__papalexi2021_rep3,same_identity_disjoint_cells,True,99,0.7330177083962047,0.1944468154001022,-0.5385708929961025,0.8281972918529471,0.7245410293042214,-0.10365626254872573,0.6599264705882353
papalexi2021_rep1,papalexi2021_rep2__papalexi2021_rep3,different_guide_identities,False,0,0.6522160343707949,0.6813748713901754,0.02915883701938049,0.8549729710588816,0.844186333778678,-0.01078663728020357,0.7132352941176471
papalexi2021_rep1,papalexi2021_rep2__papalexi2021_rep3,different_guide_identities,False,1,0.39060598444120886,0.5951796883178547,0.20457370387664586,0.741599437513419,0.7739019236302432,0.03230248611682429,0.6397058823529411
papalexi2021_rep1,papalexi2021_rep2__papalexi2021_rep3,different_guide_identities,False,2,0.608400363121613,0.6243061027564576,0.01590573963484454,0.7698593499685628,0.7766083046495027,0.006748954680939945,0.5919117647058824
papalexi2021_rep1,papalexi2021_rep2__papalexi2021_rep3,different_guide_identities,False,3,0.19012577505787773,0.33996711884155995,0.14984134378368222,0.6579822264673042,0.7007295016594324,0.042747275192128176,0.6121323529411765
papalexi2021_rep1,papalexi2021_rep2__papalexi2021_rep3,different_guide_identities,False,4,0.7396681390302083,0.7464540852598434,0.00678594622963502,0.8336823422936637,0.8265660134631804,-0.007116328830483298,0.6783088235294118
papalexi2021_rep1,papalexi2021_rep2__papalexi2021_rep3,different_guide_identities,False,5,0.44561731350535183,0.6489851971156865,0.20336788361033464,0.7139089581482532,0.7877576304114475,0.07384867226319436,0.6286764705882353
papalexi2021_rep1,papalexi2021_rep2__papalexi2021_rep3,different_guide_identities,False,6,0.5860153002888233,0.5417449026840897,-0.04427039760473361,0.85946995787637,0.8346920779744093,-0.024777879901960786,0.7205882352941176
papalexi2021_rep1,papalexi2021_rep2__papalexi2021_rep3,different_guide_identities,False,7,0.1846395519346144,0.5723078006736766,0.3876682487390622,0.6159005519542933,0.7695302096740245,0.15362965771973125,0.6194852941176471
papalexi2021_rep1,papalexi2021_rep2__papalexi2021_rep3,different_guide_identities,False,8,0.5607979293010583,0.4876710266869026,-0.07312690261415572,0.7489718761250443,0.7679666621464848,0.018994786021440446,0.6213235294117647
papalexi2021_rep1,papalexi2021_rep2__papalexi2021_rep3,different_guide_identities,False,9,0.549505371337355,0.6736711990111249,0.12416582767376994,0.7527212271940861,0.7991223342569578,0.046401107062871705,0.6507352941176471
papalexi2021_rep1,papalexi2021_rep2__papalexi2021_rep3,different_guide_identities,False,10,0.7833847637178389,0.7463054187192117,-0.037079344998627195,0.8110891481404024,0.8049089925117174,-0.0061801556286850134,0.6433823529411765
papalexi2021_rep1,papalexi2021_rep2__papalexi2021_rep3,different_guide_identities,False,11,0.03644231086550566,0.503086803145096,0.4666444922795904,0.5628641787554526,0.733254534416948,0.1703903556614954,0.6011029411764706
papalexi2021_rep1,papalexi2021_rep2__papalexi2021_rep3,different_guide_identities,False,12,0.603727173895611,0.5485074626865671,-0.0552197112090439,0.755482729886655,0.7420148686016982,-0.013467861284956806,0.6194852941176471
papalexi2021_rep1,papalexi2021_rep2__papalexi2021_rep3,different_guide_identities,False,13,0.6222241189607296,0.45488291858976226,-0.16734120037096734,0.8073327752961186,0.7325786334004327,-0.07475414189568585,0.6783088235294118
papalexi2021_rep1,papalexi2021_rep2__papalexi2021_rep3,different_guide_identities,False,14,0.8633847788657723,0.8101115899537172,-0.053273188912055014,0.8637550364139898,0.8607277736440798,-0.003027262769909944,0.7077205882352942
papalexi2021_rep1,papalexi2021_rep2__papalexi2021_rep3,different_guide_identities,False,15,0.6648193735727204,0.7047970479704796,0.03997767439775923,0.7794710299792478,0.7888219680526125,0.009350938073364734,0.6139705882352942
papalexi2021_rep1,papalexi2021_rep2__papalexi2021_rep3,different_guide_identities,False,16,0.6796569288859665,0.6211580911027019,-0.05849883778326459,0.8135686851355104,0.8032774470639414,-0.010291238071568953,0.6323529411764706
papalexi2021_rep1,papalexi2021_rep2__papalexi2021_rep3,different_guide_identities,False,17,0.5879396984924623,0.6766577104315158,0.08871801193905349,0.83589638221856,0.8560927886511797,0.020196406432619662,0.6930147058823529
papalexi2021_rep1,papalexi2021_rep2__papalexi2021_rep3,different_guide_identities,False,18,0.5055502425831354,0.5711654859146541,0.06561524333151869,0.727464952927215,0.7370160763340369,0.009551123406821849,0.6139705882352942
papalexi2021_rep1,papalexi2021_rep2__papalexi2021_rep3,different_guide_identities,False,19,0.5241074354970853,0.571789184794237,0.04768174929715174,0.7988091649315697,0.8159056586135415,0.017096493681971747,0.6893382352941176
papalexi2021_rep1,papalexi2021_rep2__papalexi2021_rep3,different_guide_identities,False,20,0.4918744621185921,0.5760885120288163,0.08421404991022419,0.7932889108440578,0.8375356924529719,0.04424678160891404,0.71875
papalexi2021_rep1,papalexi2021_rep2__papalexi2021_rep3,different_guide_identities,False,21,0.6565792618649579,0.5995071994399774,-0.05707206242498042,0.7475647794811398,0.7446701659247615,-0.0028946135563782116,0.59375
papalexi2021_rep1,papalexi2021_rep2__papalexi2021_rep3,different_guide_identities,False,22,0.6743045689590346,0.7560384561055842,0.08173388714654961,0.8091944783878174,0.8250188934539605,0.01582441506614307,0.6599264705882353
papalexi2021_rep1,papalexi2021_rep2__papalexi2021_rep3,different_guide_identities,False,23,0.6950638471724023,0.6728572633610294,-0.02220658381137297,0.7762254875705081,0.783144402244478,0.006918914673969878,0.6029411764705882
papalexi2021_rep1,papalexi2021_rep2__papalexi2021_rep3,different_guide_identities,False,24,0.7265205054910779,0.7914868871902521,0.06496638169917412,0.8378776774875931,0.8504028412535658,0.01252516376597268,0.6727941176470589
papalexi2021_rep1,papalexi2021_rep2__papalexi2021_rep3,different_guide_identities,False,25,0.22284334107260884,0.2834895917952183,0.060646250722609485,0.7960065076995765,0.8122275160621291,0.01622100836255258,0.7297794117647058
papalexi2021_rep1,papalexi2021_rep2__papalexi2021_rep3,different_guide_identities,False,26,0.556382254410709,0.6621569806321792,0.10577472622147022,0.7484070912447319,0.748821500160979,0.00041440891624711096,0.5974264705882353
papalexi2021_rep1,papalexi2021_rep2__papalexi2021_rep3,different_guide_identities,False,27,0.35228677379480844,0.5034122140235323,0.15112544022872387,0.7436143742899257,0.799072164559297,0.055457790269371254,0.6875
papalexi2021_rep1,papalexi2021_rep2__papalexi2021_rep3,different_guide_identities,False,28,0.6213075848145834,0.48244075023859134,-0.13886683457599203,0.8266361067385614,0.8121265940902619,-0.014509512648299472,0.7132352941176471
papalexi2021_rep1,papalexi2021_rep2__papalexi2021_rep3,different_guide_identities,False,29,0.5377323838456556,0.50586144620915,-0.031870937636505614,0.7252209066344555,0.7303719443222578,0.00515103768780234,0.5827205882352942
papalexi2021_rep1,papalexi2021_rep2__papalexi2021_rep3,different_guide_identities,False,30,0.6267765782029824,0.5070865101486088,-0.11969006805437354,0.794044135440924,0.7764058275682411,-0.017638307872682946,0.6323529411764706
papalexi2021_rep1,papalexi2021_rep2__papalexi2021_rep3,different_guide_identities,False,31,0.8163907970193276,0.5361864128842493,-0.2802043841350783,0.8016900886142885,0.7505019028213233,-0.051188185792965135,0.6305147058823529
papalexi2021_rep1,papalexi2021_rep2__papalexi2021_rep3,different_guide_identities,False,32,0.35850667289136745,0.48917168250705284,0.1306650096156854,0.6913801182237601,0.7123578919818647,0.020977773758104612,0.6029411764705882
papalexi2021_rep1,papalexi2021_rep2__papalexi2021_rep3,different_guide_identities,False,33,0.5285071118464121,0.391116669118176,-0.13739044272823608,0.8114910221338638,0.7930828014738049,-0.01840822066005887,0.6709558823529411
papalexi2021_rep1,papalexi2021_rep2__papalexi2021_rep3,different_guide_identities,False,34,0.5000003838781908,0.3952803100696484,-0.10472007380854237,0.8606933854244083,0.8631512880201787,0.0024579025957703893,0.7536764705882353
papalexi2021_rep1,papalexi2021_rep2__papalexi2021_rep3,different_guide_identities,False,35,0.4801128718225082,0.5645461237493953,0.08443325192688705,0.7403592543257876,0.7436871253926292,0.0033278710668415146,0.6102941176470589
papalexi2021_rep1,papalexi2021_rep2__papalexi2021_rep3,different_guide_identities,False,36,0.4537660093543545,0.6588526855176845,0.20508667616332998,0.7678021586136854,0.8194468986775432,0.051644740063857775,0.6452205882352942
papalexi2021_rep1,papalexi2021_rep2__papalexi2021_rep3,different_guide_identities,False,37,0.7380727467558461,0.7553925412420345,0.017319794486188367,0.7982013218483266,0.8221119610967416,0.023910639248414967,0.6452205882352942
papalexi2021_rep1,papalexi2021_rep2__papalexi2021_rep3,different_guide_identities,False,38,0.45111697081377583,0.341553637484587,-0.10956333332918883,0.7961622974896115,0.7814718408873902,-0.014690456602221347,0.6470588235294118
papalexi2021_rep1,papalexi2021_rep2__papalexi2021_rep3,different_guide_identities,False,39,0.6611161013745364,0.7405920484127779,0.07947594703824157,0.7846069077740792,0.8018354920982517,0.017228584324172513,0.6654411764705882
papalexi2021_rep1,papalexi2021_rep2__papalexi2021_rep3,different_guide_identities,False,40,0.6893960851899426,0.5184729064039408,-0.17092317878600172,0.8225069981801167,0.7436688148152789,-0.07883818336483783,0.6599264705882353
papalexi2021_rep1,papalexi2021_rep2__papalexi2021_rep3,different_guide_identities,False,41,0.4007421916606966,0.7389798638556927,0.3382376721949961,0.7512388022876778,0.8057853510208073,0.054546548733129474,0.6268382352941176
papalexi2021_rep1,papalexi2021_rep2__papalexi2021_rep3,different_guide_identities,False,42,0.445747348033667,0.4187195293501481,-0.02702781868351889,0.6678263732734969,0.6696792742532363,0.0018529009797393359,0.5569852941176471
papalexi2021_rep1,papalexi2021_rep2__papalexi2021_rep3,different_guide_identities,False,43,0.6216728992055746,0.42653645720220473,-0.19513644200336983,0.7803952817415187,0.7125683706011886,-0.06782691114033013,0.6323529411764706
papalexi2021_rep1,papalexi2021_rep2__papalexi2021_rep3,different_guide_identities,False,44,0.6114532019704433,0.8310733814745896,0.21962017950414636,0.7647166904006221,0.8077695908294417,0.043052900428819596,0.5845588235294118
papalexi2021_rep1,papalexi2021_rep2__papalexi2021_rep3,different_guide_identities,False,45,0.7150803461063042,0.6668842673819666,-0.04819607872433762,0.7661445801111133,0.7529104260911138,-0.0132341540199995,0.5790441176470589
papalexi2021_rep1,papalexi2021_rep2__papalexi2021_rep3,different_guide_identities,False,46,0.5252345623810308,0.5226175509775564,-0.0026170114034744785,0.8420748444294075,0.8572083501189793,0.015133505689571836,0.7371323529411765
papalexi2021_rep1,papalexi2021_rep2__papalexi2021_rep3,different_guide_identities,False,47,0.6159835633558512,0.43695920889987644,-0.1790243544559748,0.750946071601889,0.7299726949989168,-0.02097337660297216,0.5992647058823529
papalexi2021_rep1,papalexi2021_rep2__papalexi2021_rep3,different_guide_identities,False,48,0.5389472527162652,0.6424211647569881,0.10347391204072287,0.707459642553717,0.734804734145132,0.02734509159141507,0.5349264705882353
papalexi2021_rep1,papalexi2021_rep2__papalexi2021_rep3,different_guide_identities,False,49,0.5073895473301795,0.5817424342966657,0.07435288696648623,0.6568996609167457,0.6900427994367223,0.033143138519976634,0.5477941176470589
papalexi2021_rep1,papalexi2021_rep2__papalexi2021_rep3,different_guide_identities,False,50,0.3859432799013564,0.4598283520195533,0.07388507211819689,0.7669835324949944,0.783208422800767,0.016224890305772566,0.6507352941176471
papalexi2021_rep1,papalexi2021_rep2__papalexi2021_rep3,different_guide_identities,False,51,0.3681975811175011,0.5579535684232223,0.18975598730572119,0.8038416642709463,0.8115562000415483,0.0077145357706019935,0.6985294117647058
papalexi2021_rep1,papalexi2021_rep2__papalexi2021_rep3,different_guide_identities,False,52,0.7092539385172903,0.6354113287749079,-0.07384260974238244,0.7791639281218109,0.7674864409847649,-0.011677487137045972,0.5955882352941176
papalexi2021_rep1,papalexi2021_rep2__papalexi2021_rep3,different_guide_identities,False,53,0.6564044386577322,0.4555586801114019,-0.20084575854633036,0.8153330560851106,0.7800480541181234,-0.03528500196698725,0.6691176470588235
papalexi2021_rep1,papalexi2021_rep2__papalexi2021_rep3,different_guide_identities,False,54,0.397040992336525,0.5148530623647527,0.11781207002822769,0.8447756860954309,0.85732045341961,0.012544767324179196,0.7591911764705882
papalexi2021_rep1,papalexi2021_rep2__papalexi2021_rep3,different_guide_identities,False,55,0.6455228873690758,0.8080534082342616,0.16253052086518582,0.8029424963072779,0.8303498775289974,0.027407381221719485,0.6341911764705882
papalexi2021_rep1,papalexi2021_rep2__papalexi2021_rep3,different_guide_identities,False,56,0.6772041836983322,0.6163385217731895,-0.060865661925142756,0.8290604495946192,0.8280201525754619,-0.0010402970191573102,0.6580882352941176
papalexi2021_rep1,papalexi2021_rep2__papalexi2021_rep3,different_guide_identities,False,57,0.6508329430909712,0.6398115715001329,-0.01102137159083827,0.858078704473871,0.861824647052534,0.0037459425786630085,0.7702205882352942
papalexi2021_rep1,papalexi2021_rep2__papalexi2021_rep3,different_guide_identities,False,58,0.6588271879232049,0.5897349492520648,-0.06909223867114012,0.7216953584789875,0.6869940380469683,-0.03470132043201912,0.5477941176470589
papalexi2021_rep1,papalexi2021_rep2__papalexi2021_rep3,different_guide_identities,False,59,0.5600995626095223,0.4648894212768821,-0.09521014133264022,0.8153137470408772,0.8144515679617864,-0.0008621790790908079,0.6783088235294118
papalexi2021_rep1,papalexi2021_rep2__papalexi2021_rep3,different_guide_identities,False,60,0.6946330748060981,0.6887474035148123,-0.00588567129128581,0.7804571583321042,0.7393204355777343,-0.04113672275436986,0.5827205882352942
papalexi2021_rep1,papalexi2021_rep2__papalexi2021_rep3,different_guide_identities,False,61,0.7268254596438101,0.7272165067722339,0.00039104712842386036,0.7877872768511285,0.7899473436021879,0.0021600667510593974,0.5882352941176471
papalexi2021_rep1,papalexi2021_rep2__papalexi2021_rep3,different_guide_identities,False,62,0.44733890268087456,0.5195071337230234,0.07216823104214881,0.7534791366241409,0.7628043651129723,0.009325228488831439,0.5808823529411765
papalexi2021_rep1,papalexi2021_rep2__papalexi2021_rep3,different_guide_identities,False,63,0.701298835406219,0.6679036527678276,-0.03339518263839136,0.7816951876518811,0.7847135846960134,0.003018397044132315,0.6029411764705882
papalexi2021_rep1,papalexi2021_rep2__papalexi2021_rep3,different_guide_identities,False,64,0.5314851267966355,0.616851168511685,0.08536604171504947,0.7591735714965061,0.7723311961431015,0.013157624646595423,0.5974264705882353
papalexi2021_rep1,papalexi2021_rep2__papalexi2021_rep3,different_guide_identities,False,65,0.4806675435039359,0.44541080054518584,-0.03525674295875009,0.6664541390522684,0.6354881381414145,-0.030966000910853886,0.5183823529411765
papalexi2021_rep1,papalexi2021_rep2__papalexi2021_rep3,different_guide_identities,False,66,0.4202348074407128,0.7265432098765431,0.3063084024358303,0.7752089682412454,0.8432542348618798,0.06804526662063437,0.7095588235294118
papalexi2021_rep1,papalexi2021_rep2__papalexi2021_rep3,different_guide_identities,False,67,0.7857167106760485,0.673258306433255,-0.11245840424279352,0.8522144822209702,0.8306040435379212,-0.021610438683049016,0.6985294117647058
papalexi2021_rep1,papalexi2021_rep2__papalexi2021_rep3,different_guide_identities,False,68,0.5753441667463938,0.5746263321976852,-0.0007178345487085513,0.7511532020939461,0.7552778662369926,0.004124664143046464,0.5992647058823529
papalexi2021_rep1,papalexi2021_rep2__papalexi2021_rep3,different_guide_identities,False,69,0.4751919560477803,0.8127788874325508,0.33758693138477047,0.7014506721592036,0.8071111064961087,0.10566043433690508,0.6029411764705882
papalexi2021_rep1,papalexi2021_rep2__papalexi2021_rep3,different_guide_identities,False,70,0.7813466592374015,0.4235301424866663,-0.3578165167507352,0.8426537256716755,0.7948439807801292,-0.047809744891546324,0.6930147058823529
papalexi2021_rep1,papalexi2021_rep2__papalexi2021_rep3,different_guide_identities,False,71,0.5949172723448174,0.5176479519281477,-0.07726932041666967,0.7901391575672501,0.7793860456192852,-0.01075311194796491,0.6121323529411765
papalexi2021_rep1,papalexi2021_rep2__papalexi2021_rep3,different_guide_identities,False,72,0.4795147036312679,0.7669596247194752,0.2874449210882073,0.6937173391055312,0.7799088538816048,0.08619151477607356,0.5974264705882353
papalexi2021_rep1,papalexi2021_rep2__papalexi2021_rep3,different_guide_identities,False,73,0.7263771488532921,0.797533295334586,0.07115614648129387,0.8204409209950948,0.8306243803053923,0.010183459310297516,0.6452205882352942
papalexi2021_rep1,papalexi2021_rep2__papalexi2021_rep3,different_guide_identities,False,74,0.4765145791205254,0.5929409000908545,0.11642632097032912,0.8149596901590577,0.8484082192647558,0.03344852910569818,0.7022058823529411
papalexi2021_rep1,papalexi2021_rep2__papalexi2021_rep3,different_guide_identities,False,75,0.2584836479006394,0.6224582356366233,0.3639745877359839,0.7483888483320793,0.785541990839082,0.037153142507002745,0.6691176470588235
papalexi2021_rep1,papalexi2021_rep2__papalexi2021_rep3,different_guide_identities,False,76,0.6347386040748898,0.6192237774277258,-0.01551482664716397,0.8607242862865698,0.8693995825997339,0.008675296313164105,0.7058823529411765
papalexi2021_rep1,papalexi2021_rep2__papalexi2021_rep3,different_guide_identities,False,77,0.5458182299829231,0.5006172839506172,-0.045200946032305844,0.818007571532658,0.8133366934932137,-0.004670878039444326,0.7113970588235294
papalexi2021_rep1,papalexi2021_rep2__papalexi2021_rep3,different_guide_identities,False,78,0.500926593392516,0.5214234068975484,0.020496813505032407,0.782390569699988,0.7832440726444835,0.0008535029444954878,0.6213235294117647
papalexi2021_rep1,papalexi2021_rep2__papalexi2021_rep3,different_guide_identities,False,79,0.181425018093976,0.4215754346719854,0.2401504165780094,0.7119097216821049,0.7672977262429036,0.05538800456079873,0.6911764705882353
papalexi2021_rep1,papalexi2021_rep2__papalexi2021_rep3,different_guide_identities,False,80,0.48265327901930033,0.8213844252163166,0.3387311461970163,0.7837979150979258,0.8637873394807326,0.07998942438280676,0.7022058823529411
papalexi2021_rep1,papalexi2021_rep2__papalexi2021_rep3,different_guide_identities,False,81,0.7649600468557386,0.9173859432799015,0.15242589642416293,0.8377092900611499,0.8620844731909286,0.02437518312977871,0.6544117647058824
papalexi2021_rep1,papalexi2021_rep2__papalexi2021_rep3,different_guide_identities,False,82,0.6476426799007443,0.6895916075048655,0.04194892760412117,0.8309511146773257,0.8321907629987755,0.0012396483214497378,0.6783088235294118
papalexi2021_rep1,papalexi2021_rep2__papalexi2021_rep3,different_guide_identities,False,83,0.8582044988842185,0.45786900085004095,-0.4003354980341775,0.786604395910462,0.7248614513550174,-0.0617429445554446,0.5625
papalexi2021_rep1,papalexi2021_rep2__papalexi2021_rep3,different_guide_identities,False,84,0.6234568091749598,0.6337246421957107,0.01026783302075085,0.7732636878452189,0.771191865162183,-0.002071822683035962,0.6323529411764706
papalexi2021_rep1,papalexi2021_rep2__papalexi2021_rep3,different_guide_identities,False,85,0.4088878492869544,0.19080080122011206,-0.21808704806684232,0.8781638048790407,0.8226745331213866,-0.05548927175765406,0.7518382352941176
papalexi2021_rep1,papalexi2021_rep2__papalexi2021_rep3,different_guide_identities,False,86,0.5779448251499663,0.6927886927484014,0.11484386759843512,0.736616052542469,0.7611430841811734,0.0245270316387044,0.5827205882352942
papalexi2021_rep1,papalexi2021_rep2__papalexi2021_rep3,different_guide_identities,False,87,0.03729042243788177,0.4217404320545747,0.3844500096166929,0.6760645022269157,0.7272661702484368,0.05120166802152104,0.6323529411764706
papalexi2021_rep1,papalexi2021_rep2__papalexi2021_rep3,different_guide_identities,False,88,0.43086419753086413,0.7009321518169993,0.27006795428613517,0.7222864600257008,0.7893132904256931,0.06702683039999224,0.6176470588235294
papalexi2021_rep1,papalexi2021_rep2__papalexi2021_rep3,different_guide_identities,False,89,0.5474886704283829,0.7221534653465347,0.1746647949181518,0.8109247364275478,0.8497006077172059,0.03877587128965809,0.6985294117647058
papalexi2021_rep1,papalexi2021_rep2__papalexi2021_rep3,different_guide_identities,False,90,0.6353527721607005,0.4808641975308641,-0.1544885746298364,0.7825086898575762,0.7617253091247468,-0.02078338073282937,0.6102941176470589
papalexi2021_rep1,papalexi2021_rep2__papalexi2021_rep3,different_guide_identities,False,91,0.5412813158883786,0.46335725491283025,-0.07792406097554833,0.781351795986717,0.7687736814439885,-0.012578114542728502,0.6488970588235294
papalexi2021_rep1,papalexi2021_rep2__papalexi2021_rep3,different_guide_identities,False,92,0.4291446444179755,0.5312478429243869,0.10210319850641136,0.6282126593910223,0.675360022852724,0.047147363461701675,0.5110294117647058
papalexi2021_rep1,papalexi2021_rep2__papalexi2021_rep3,different_guide_identities,False,93,0.54084199836582,0.7269351238745112,0.18609312550869117,0.8355755834359317,0.8734761594224452,0.03790057598651342,0.7297794117647058
papalexi2021_rep1,papalexi2021_rep2__papalexi2021_rep3,different_guide_identities,False,94,0.5412326229814011,0.5071463374229727,-0.03408628555842841,0.8159626006322588,0.8311074575625018,0.015144856930243034,0.7040441176470589
papalexi2021_rep1,papalexi2021_rep2__papalexi2021_rep3,different_guide_identities,False,95,0.33828393663463513,0.5124854899888336,0.17420155335419846,0.6921710442755533,0.7002429126645174,0.00807186838896412,0.6323529411764706
papalexi2021_rep1,papalexi2021_rep2__papalexi2021_rep3,different_guide_identities,False,96,0.6660493837794117,0.6769425614681747,0.010893177688762967,0.7913709600844656,0.7943902804291537,0.0030193203446881034,0.6176470588235294
papalexi2021_rep1,papalexi2021_rep2__papalexi2021_rep3,different_guide_identities,False,97,0.5201287247893139,0.659030717543257,0.1389019927539431,0.7724505866766355,0.796455993034983,0.02400540635834758,0.6452205882352942
papalexi2021_rep1,papalexi2021_rep2__papalexi2021_rep3,different_guide_identities,False,98,0.42813100636621,0.5785236598319539,0.15039265346574388,0.7573486145366551,0.780179659104832,0.02283104456817686,0.6415441176470589
papalexi2021_rep1,papalexi2021_rep2__papalexi2021_rep3,different_guide_identities,False,99,0.8030782916375448,0.33415764999835657,-0.4689206416391883,0.8366448772536575,0.7547512704519626,-0.081893606801695,0.6599264705882353
papalexi2021_rep2,papalexi2021_rep1__papalexi2021_rep3,same_identity_disjoint_cells,False,0,0.6470951792336218,0.8539781744753233,0.2068829952417015,0.722511621809443,0.7708870783076017,0.048375456498158775,0.5367647058823529
papalexi2021_rep2,papalexi2021_rep1__papalexi2021_rep3,same_identity_disjoint_cells,False,1,0.7046165853831332,0.7017225480490108,-0.0028940373341224124,0.8162278513489585,0.8186829202792113,0.002455068930252824,0.6746323529411765
papalexi2021_rep2,papalexi2021_rep1__papalexi2021_rep3,same_identity_disjoint_cells,False,2,0.7872084675747011,0.7035977306396618,-0.08361073693503929,0.8396904825578593,0.8283313224165301,-0.011359160141329205,0.6948529411764706
papalexi2021_rep2,papalexi2021_rep1__papalexi2021_rep3,same_identity_disjoint_cells,False,3,0.5575385671079043,0.6275508617763185,0.07001229466841419,0.7881723827522918,0.7902580115842442,0.002085628831952402,0.6452205882352942
papalexi2021_rep2,papalexi2021_rep1__papalexi2021_rep3,same_identity_disjoint_cells,False,4,0.42602171731530486,0.7004838931378858,0.274462175822581,0.8194952778862815,0.8636031665254199,0.04410788863913839,0.7022058823529411
papalexi2021_rep2,papalexi2021_rep1__papalexi2021_rep3,same_identity_disjoint_cells,False,5,0.5686049514220283,0.708025230929356,0.13942027950732772,0.7327066212514417,0.73280267001477,9.604876332824919e-05,0.5496323529411765
papalexi2021_rep2,papalexi2021_rep1__papalexi2021_rep3,same_identity_disjoint_cells,False,6,0.6919297094737396,0.7213322376300222,0.029402528156282637,0.8367732572898555,0.8384044615635231,0.0016312042736675858,0.6985294117647058
papalexi2021_rep2,papalexi2021_rep1__papalexi2021_rep3,same_identity_disjoint_cells,False,7,0.7407382448292704,0.6765929122233886,-0.06414533260588184,0.804175890970333,0.8247388808807493,0.020562989910416274,0.6599264705882353
papalexi2021_rep2,papalexi2021_rep1__papalexi2021_rep3,same_identity_disjoint_cells,False,8,0.5126778964301195,0.5018510944666735,-0.010826801963445987,0.7678700107022447,0.7201594339015944,-0.04771057680065027,0.6194852941176471
papalexi2021_rep2,papalexi2021_rep1__papalexi2021_rep3,same_identity_disjoint_cells,False,9,0.44101372810120404,0.3358071143082689,-0.10520661379293517,0.8296417721671832,0.8273846083750928,-0.0022571637920903997,0.7463235294117647
papalexi2021_rep2,papalexi2021_rep1__papalexi2021_rep3,same_identity_disjoint_cells,False,10,0.6631838990816015,0.5563086403374257,-0.1068752587441758,0.7510353192379036,0.7191111670012513,-0.03192415223665224,0.5459558823529411
papalexi2021_rep2,papalexi2021_rep1__papalexi2021_rep3,same_identity_disjoint_cells,False,11,0.6539428703191721,0.693351856854414,0.03940898653524194,0.768033569179763,0.7778138624159386,0.009780293236175686,0.6047794117647058
papalexi2021_rep2,papalexi2021_rep1__papalexi2021_rep3,same_identity_disjoint_cells,False,12,0.6445454076811943,0.43026151930261514,-0.21428388837857915,0.844790925355642,0.806633560865557,-0.038157364490085,0.7022058823529411
papalexi2021_rep2,papalexi2021_rep1__papalexi2021_rep3,same_identity_disjoint_cells,False,13,0.5913584753533766,0.6615289765721333,0.07017050121875668,0.7639882298173281,0.7840761025246861,0.020087872707358012,0.5735294117647058
papalexi2021_rep2,papalexi2021_rep1__papalexi2021_rep3,same_identity_disjoint_cells,False,14,0.4456149304167435,0.6075170592475002,0.16190212883075672,0.7772266489637814,0.7993825835622711,0.022155934598489746,0.65625
papalexi2021_rep2,papalexi2021_rep1__papalexi2021_rep3,same_identity_disjoint_cells,False,15,0.7054838061241255,0.6526620894869364,-0.05282171663718915,0.8319707750138655,0.8178720571467651,-0.014098717867100374,0.6654411764705882
papalexi2021_rep2,papalexi2021_rep1__papalexi2021_rep3,same_identity_disjoint_cells,False,16,0.7124229099364875,0.6014869911280524,-0.11093591880843512,0.8383833269227409,0.817746939719258,-0.02063638720348282,0.6966911764705882
papalexi2021_rep2,papalexi2021_rep1__papalexi2021_rep3,same_identity_disjoint_cells,False,17,0.5796631686464032,0.5733747229197592,-0.006288445726643999,0.8443541086220585,0.8336345364594715,-0.01071957216258701,0.6930147058823529
papalexi2021_rep2,papalexi2021_rep1__papalexi2021_rep3,same_identity_disjoint_cells,False,18,0.48267918196916115,0.5991379310344827,0.1164587490653215,0.752103775573715,0.7800079919659829,0.027904216392267922,0.6176470588235294
papalexi2021_rep2,papalexi2021_rep1__papalexi2021_rep3,same_identity_disjoint_cells,False,19,0.671821677341193,0.7292446738843006,0.05742299654310756,0.8044119752016055,0.8096779395783233,0.005265964376717891,0.6470588235294118
papalexi2021_rep2,papalexi2021_rep1__papalexi2021_rep3,same_identity_disjoint_cells,False,20,0.5822006919993968,0.5163690149756395,-0.06583167702375736,0.8581249445179483,0.8385196927435791,-0.019605251774369226,0.7352941176470589
papalexi2021_rep2,papalexi2021_rep1__papalexi2021_rep3,same_identity_disjoint_cells,False,21,0.6173003911613281,0.686765279897656,0.06946488873632795,0.7519146428410592,0.7642679783331815,0.012353335492122253,0.5827205882352942
papalexi2021_rep2,papalexi2021_rep1__papalexi2021_rep3,same_identity_disjoint_cells,False,22,0.6221455946150694,0.8769232429677302,0.2547776483526608,0.7889138568623322,0.8325073191598387,0.04359346229750649,0.6139705882352942
papalexi2021_rep2,papalexi2021_rep1__papalexi2021_rep3,same_identity_disjoint_cells,False,23,0.4193947680807871,0.4580250404094003,0.03863027232861321,0.8430557663513437,0.8465571414060278,0.003501375054684064,0.7665441176470589
papalexi2021_rep2,papalexi2021_rep1__papalexi2021_rep3,same_identity_disjoint_cells,False,24,0.5841036228870489,0.6933992682789114,0.10929564539186254,0.8066212146837688,0.8242753028341805,0.017654088150411695,0.6672794117647058
papalexi2021_rep2,papalexi2021_rep1__papalexi2021_rep3,same_identity_disjoint_cells,False,25,0.6399012956284175,0.7641981132437163,0.12429681761529887,0.7371892511503779,0.7636105193225652,0.026421268172187262,0.5386029411764706
papalexi2021_rep2,papalexi2021_rep1__papalexi2021_rep3,same_identity_disjoint_cells,False,26,0.5642014005715736,0.49845018878506064,-0.065751211786513,0.8103373300334806,0.8034354186278927,-0.006901911405587935,0.6709558823529411
papalexi2021_rep2,papalexi2021_rep1__papalexi2021_rep3,same_identity_disjoint_cells,False,27,0.4966021384438688,0.5510459273022907,0.05444378885842194,0.730838966291902,0.7562977331684079,0.025458766876505834,0.5863970588235294
papalexi2021_rep2,papalexi2021_rep1__papalexi2021_rep3,same_identity_disjoint_cells,False,28,0.6319363620263015,0.6247690649867802,-0.0071672970395213476,0.8148805966536826,0.8073106594422014,-0.007569937211481248,0.6470588235294118
papalexi2021_rep2,papalexi2021_rep1__papalexi2021_rep3,same_identity_disjoint_cells,False,29,0.5931718209674971,0.7955326995112421,0.20236087854374496,0.7606854113423102,0.8110205668934584,0.0503351555511482,0.6323529411764706
papalexi2021_rep2,papalexi2021_rep1__papalexi2021_rep3,same_identity_disjoint_cells,False,30,0.5755760020785917,0.6432177195139889,0.06764171743539715,0.7375243712938349,0.7462021093373818,0.00867773804354699,0.5955882352941176
papalexi2021_rep2,papalexi2021_rep1__papalexi2021_rep3,same_identity_disjoint_cells,False,31,0.4432051141563099,0.7096823353101889,0.26647722115387895,0.7696045039119218,0.8138640149108628,0.04425951099894099,0.6194852941176471
papalexi2021_rep2,papalexi2021_rep1__papalexi2021_rep3,same_identity_disjoint_cells,False,32,0.5776468827646883,0.62245712785958,0.04481024509489162,0.7756617725975966,0.7745544036593452,-0.001107368938251363,0.5955882352941176
papalexi2021_rep2,papalexi2021_rep1__papalexi2021_rep3,same_identity_disjoint_cells,False,33,0.7609109431773649,0.559312567279,-0.20159837589836482,0.7786717556640783,0.7240765627646575,-0.05459519289942083,0.5900735294117647
papalexi2021_rep2,papalexi2021_rep1__papalexi2021_rep3,same_identity_disjoint_cells,False,34,0.5844792652490018,0.6668726823238567,0.08239341707485481,0.7974757849501037,0.8198343801947284,0.02235859524462469,0.6672794117647058
papalexi2021_rep2,papalexi2021_rep1__papalexi2021_rep3,same_identity_disjoint_cells,False,35,0.817058720619111,0.5710758380121472,-0.24598288260696377,0.8445510035907958,0.8147534777914319,-0.0297975257993639,0.6801470588235294
papalexi2021_rep2,papalexi2021_rep1__papalexi2021_rep3,same_identity_disjoint_cells,False,36,0.5534967710217835,0.5438275749335332,-0.009669196088250342,0.8432881506289269,0.8200351347518302,-0.023253015877096717,0.7058823529411765
papalexi2021_rep2,papalexi2021_rep1__papalexi2021_rep3,same_identity_disjoint_cells,False,37,0.6662561576354679,0.47783251231527085,-0.188423645320197,0.7728374694137562,0.7358027644332791,-0.03703470498047712,0.5625
papalexi2021_rep2,papalexi2021_rep1__papalexi2021_rep3,same_identity_disjoint_cells,False,38,0.7342786683107276,0.5988910563778602,-0.1353876119328674,0.8180406022574599,0.8019888486597505,-0.016051753597709384,0.6452205882352942
papalexi2021_rep2,papalexi2021_rep1__papalexi2021_rep3,same_identity_disjoint_cells,False,39,0.4616340169117869,0.6639932838676598,0.20235926695587286,0.7515318075331052,0.8090176300235231,0.05748582249041789,0.6709558823529411
papalexi2021_rep2,papalexi2021_rep1__papalexi2021_rep3,same_identity_disjoint_cells,False,40,0.46300898329927065,0.49074074074074064,0.027731757441469995,0.730841412948355,0.7460743290314549,0.015232916083099846,0.5974264705882353
papalexi2021_rep2,papalexi2021_rep1__papalexi2021_rep3,same_identity_disjoint_cells,False,41,0.5882363090092588,0.5896515966615328,0.0014152876522739444,0.7620964042325418,0.7450042592451762,-0.017092144987365554,0.5845588235294118
papalexi2021_rep2,papalexi2021_rep1__papalexi2021_rep3,same_identity_disjoint_cells,False,42,0.6547034717059927,0.5210135970333746,-0.13368987467261817,0.8040588303929026,0.7321084683230552,-0.0719503620698474,0.6194852941176471
papalexi2021_rep2,papalexi2021_rep1__papalexi2021_rep3,same_identity_disjoint_cells,False,43,0.6635870855772196,0.7120843884296373,0.04849730285241771,0.8408131630720299,0.8401711809732462,-0.0006419820987837443,0.6838235294117647
papalexi2021_rep2,papalexi2021_rep1__papalexi2021_rep3,same_identity_disjoint_cells,False,44,0.6074092589854742,0.7281735142047915,0.12076425521931733,0.7839664930657577,0.8104894824334162,0.02652298936765851,0.625
papalexi2021_rep2,papalexi2021_rep1__papalexi2021_rep3,same_identity_disjoint_cells,False,45,0.3770812718462466,0.6818473158118005,0.30476604396555385,0.7885280698132127,0.8313703531426283,0.04284228332941564,0.7003676470588235
papalexi2021_rep2,papalexi2021_rep1__papalexi2021_rep3,same_identity_disjoint_cells,False,46,0.5724119498362169,0.8221540018279913,0.24974205199177435,0.7375841706082028,0.7827586205965315,0.04517444998832865,0.5900735294117647
papalexi2021_rep2,papalexi2021_rep1__papalexi2021_rep3,same_identity_disjoint_cells,False,47,0.8716075952108633,0.5261861750480377,-0.3454214201628256,0.8521355877338253,0.7851607707819861,-0.06697481695183916,0.6654411764705882
papalexi2021_rep2,papalexi2021_rep1__papalexi2021_rep3,same_identity_disjoint_cells,False,48,0.7882139620686759,0.7037402829186838,-0.08447367914999204,0.8092043905909067,0.7949742885850694,-0.014230102005837297,0.6305147058823529
papalexi2021_rep2,papalexi2021_rep1__papalexi2021_rep3,same_identity_disjoint_cells,False,49,0.5432632880098889,0.6109759639023015,0.06771267589241259,0.7964811143417329,0.8162287635471026,0.019747649205369755,0.6911764705882353
papalexi2021_rep2,papalexi2021_rep1__papalexi2021_rep3,same_identity_disjoint_cells,False,50,0.5921585534984609,0.44588957754939207,-0.14626897594906885,0.8409444793960366,0.8170656621348663,-0.02387881726117025,0.7113970588235294
papalexi2021_rep2,papalexi2021_rep1__papalexi2021_rep3,same_identity_disjoint_cells,False,51,0.42848371140463903,0.33913069644753463,-0.0893530149571044,0.73685902567012,0.7569868681095433,0.020127842439423338,0.6507352941176471
papalexi2021_rep2,papalexi2021_rep1__papalexi2021_rep3,same_identity_disjoint_cells,False,52,0.7713226205191596,0.7233552502410026,-0.04796737027815701,0.8869527147208808,0.8817330620288015,-0.005219652692079246,0.7683823529411765
papalexi2021_rep2,papalexi2021_rep1__papalexi2021_rep3,same_identity_disjoint_cells,False,53,0.7307467813320171,0.4235524593348952,-0.3071943219971219,0.801320632462501,0.7694860633347334,-0.03183456912776761,0.6599264705882353
papalexi2021_rep2,papalexi2021_rep1__papalexi2021_rep3,same_identity_disjoint_cells,False,54,0.7560258413525727,0.5625386157129489,-0.19348722563962373,0.8527286423297723,0.828985398492319,-0.0237432438374533,0.7242647058823529
papalexi2021_rep2,papalexi2021_rep1__papalexi2021_rep3,same_identity_disjoint_cells,False,55,0.7190389534907026,0.7777783705065288,0.05873941701582619,0.8089856853846367,0.8120164959751899,0.0030308105905532123,0.6360294117647058
papalexi2021_rep2,papalexi2021_rep1__papalexi2021_rep3,same_identity_disjoint_cells,False,56,0.6538981919291464,0.49876847290640386,-0.15512971902274258,0.7584411333992324,0.7390185931127216,-0.019422540286510803,0.5772058823529411
papalexi2021_rep2,papalexi2021_rep1__papalexi2021_rep3,same_identity_disjoint_cells,False,57,0.47807297569150103,0.5021619240790572,0.024088948387556208,0.8063450921555377,0.8077545946220254,0.0014095024664876332,0.7058823529411765
papalexi2021_rep2,papalexi2021_rep1__papalexi2021_rep3,same_identity_disjoint_cells,False,58,0.8713868913346321,0.775722044585824,-0.09566484674880804,0.8491023848736327,0.8373827702358195,-0.011719614637813125,0.6470588235294118
papalexi2021_rep2,papalexi2021_rep1__papalexi2021_rep3,same_identity_disjoint_cells,False,59,0.5759276815380563,0.4885740321121182,-0.0873536494259381,0.8031799420842998,0.7997142926397901,-0.0034656494445096664,0.6764705882352942
papalexi2021_rep2,papalexi2021_rep1__papalexi2021_rep3,same_identity_disjoint_cells,False,60,0.593576394883117,0.6617288993515864,0.06815250446846943,0.8207960817416915,0.8144211071452097,-0.006374974596481842,0.6544117647058824
papalexi2021_rep2,papalexi2021_rep1__papalexi2021_rep3,same_identity_disjoint_cells,False,61,0.5049264912751786,0.5307885798526878,0.025862088577509157,0.7613173679633995,0.7538234780706126,-0.007493889892786987,0.6341911764705882
papalexi2021_rep2,papalexi2021_rep1__papalexi2021_rep3,same_identity_disjoint_cells,False,62,0.6840195963430548,0.6389413256672021,-0.04507827067585268,0.78109905191166,0.7779351763672697,-0.0031638755443902378,0.6158088235294118
papalexi2021_rep2,papalexi2021_rep1__papalexi2021_rep3,same_identity_disjoint_cells,False,63,0.7203753112330705,0.5559687985308182,-0.16440651270225237,0.8531110742751097,0.8146184177792363,-0.03849265649587341,0.7132352941176471
papalexi2021_rep2,papalexi2021_rep1__papalexi2021_rep3,same_identity_disjoint_cells,False,64,0.5138633138056949,0.5563086403374257,0.04244532653173072,0.756011905181996,0.7623994361559241,0.0063875309739280794,0.6047794117647058
papalexi2021_rep2,papalexi2021_rep1__papalexi2021_rep3,same_identity_disjoint_cells,False,65,0.655363748458693,0.6508329430909712,-0.00453080536772188,0.8247226131471375,0.8223964925765315,-0.002326120570605994,0.6654411764705882
papalexi2021_rep2,papalexi2021_rep1__papalexi2021_rep3,same_identity_disjoint_cells,False,66,0.47657358233751673,0.6122450150371753,0.1356714326996586,0.8285476797628074,0.846674903335803,0.018127223572995566,0.7297794117647058
papalexi2021_rep2,papalexi2021_rep1__papalexi2021_rep3,same_identity_disjoint_cells,False,67,0.8267333064264709,0.6966728952670037,-0.1300604111594672,0.8668184304821956,0.8294626337054429,-0.037355796776752714,0.6893382352941176
papalexi2021_rep2,papalexi2021_rep1__papalexi2021_rep3,same_identity_disjoint_cells,False,68,0.48917982779690583,0.268473109995095,-0.22070671780181084,0.7943014585856281,0.7198679672403722,-0.0744334913452559,0.6580882352941176
papalexi2021_rep2,papalexi2021_rep1__papalexi2021_rep3,same_identity_disjoint_cells,False,69,0.7636138613861386,0.7395084270981687,-0.024105434287969962,0.8069500127539704,0.8024404445035934,-0.004509568250376961,0.6011029411764706
papalexi2021_rep2,papalexi2021_rep1__papalexi2021_rep3,same_identity_disjoint_cells,False,70,0.5966647215994703,0.67760108568438,0.08093636408490978,0.7628432991700725,0.7785218914111647,0.015678592241092137,0.5680147058823529
papalexi2021_rep2,papalexi2021_rep1__papalexi2021_rep3,same_identity_disjoint_cells,False,71,0.6584468630674049,0.6141539624433647,-0.04429290062404012,0.7986097756710322,0.7907423392879709,-0.00786743638306131,0.6213235294117647
papalexi2021_rep2,papalexi2021_rep1__papalexi2021_rep3,same_identity_disjoint_cells,False,72,0.34425216316440055,0.2396541531890212,-0.10459800997537935,0.7733433311450181,0.7655980688501234,-0.007745262294894695,0.7003676470588235
papalexi2021_rep2,papalexi2021_rep1__papalexi2021_rep3,same_identity_disjoint_cells,False,73,0.5120940968873279,0.5570080815356676,0.04491398464833973,0.7972302397637606,0.8114043052475686,0.014174065483807952,0.6507352941176471
papalexi2021_rep2,papalexi2021_rep1__papalexi2021_rep3,same_identity_disjoint_cells,False,74,0.6303435782241213,0.6447624294983306,0.014418851274209277,0.7904621547774121,0.7850203488300915,-0.005441805947320577,0.625
papalexi2021_rep2,papalexi2021_rep1__papalexi2021_rep3,same_identity_disjoint_cells,False,75,0.430427456927085,0.6594428508742372,0.22901539394715215,0.7804643213380238,0.820161896536518,0.03969757519849426,0.6727941176470589
papalexi2021_rep2,papalexi2021_rep1__papalexi2021_rep3,same_identity_disjoint_cells,False,76,0.6817370133838483,0.3914693453194224,-0.2902676680644259,0.8233960660998939,0.7592903265575734,-0.06410573954232046,0.6746323529411765
papalexi2021_rep2,papalexi2021_rep1__papalexi2021_rep3,same_identity_disjoint_cells,False,77,0.7740813235689076,0.383833479451788,-0.3902478441171196,0.8721861386342896,0.8141543726061999,-0.05803176602808968,0.7040441176470589
papalexi2021_rep2,papalexi2021_rep1__papalexi2021_rep3,same_identity_disjoint_cells,False,78,0.42381318725083666,0.538745794996436,0.11493260774559938,0.7403893303837886,0.8000841558299928,0.05969482544620419,0.6819852941176471
papalexi2021_rep2,papalexi2021_rep1__papalexi2021_rep3,same_identity_disjoint_cells,False,79,0.7461492482238568,0.6259425653094094,-0.12020668291444736,0.7949947693838264,0.7328344147602365,-0.06216035462358993,0.5863970588235294
papalexi2021_rep2,papalexi2021_rep1__papalexi2021_rep3,same_identity_disjoint_cells,False,80,0.6906072821807764,0.7178355262810937,0.027228244100317323,0.7896958190670345,0.7778452066994185,-0.011850612367615976,0.6029411764705882
papalexi2021_rep2,papalexi2021_rep1__papalexi2021_rep3,same_identity_disjoint_cells,False,81,0.5204243792241227,0.7259168586576457,0.205492479433523,0.8489963099324583,0.8632594042047438,0.014263094272285448,0.7242647058823529
papalexi2021_rep2,papalexi2021_rep1__papalexi2021_rep3,same_identity_disjoint_cells,False,82,0.6201147185464336,0.3566618849671676,-0.263452833579266,0.7354093009667187,0.698885293417895,-0.03652400754882379,0.5257352941176471
papalexi2021_rep2,papalexi2021_rep1__papalexi2021_rep3,same_identity_disjoint_cells,False,83,0.6476446737732229,0.5139887050748415,-0.13365596869838137,0.8429316916503335,0.8294395363383252,-0.013492155312008314,0.7279411764705882
papalexi2021_rep2,papalexi2021_rep1__papalexi2021_rep3,same_identity_disjoint_cells,False,84,0.7430514079546199,0.6933992682789114,-0.04965213967570847,0.818400762840101,0.8088620312999908,-0.009538731540110201,0.625
papalexi2021_rep2,papalexi2021_rep1__papalexi2021_rep3,same_identity_disjoint_cells,False,85,0.5746931098734516,0.33292487166590856,-0.241768238207543,0.8114285023535671,0.751730530798978,-0.05969797155458911,0.6819852941176471
papalexi2021_rep2,papalexi2021_rep1__papalexi2021_rep3,same_identity_disjoint_cells,False,86,0.7709876543209876,0.8436347606997628,0.07264710637877525,0.8540296154969598,0.8698547141115804,0.01582509861462067,0.7132352941176471
papalexi2021_rep2,papalexi2021_rep1__papalexi2021_rep3,same_identity_disjoint_cells,False,87,0.4297193395735323,0.4018530768288045,-0.02786626274472781,0.7271160389375139,0.7264365483912953,-0.0006794905462185197,0.5496323529411765
papalexi2021_rep2,papalexi2021_rep1__papalexi2021_rep3,same_identity_disjoint_cells,False,88,0.44851116625310167,0.3710592878358325,-0.0774518784172692,0.7985355231922057,0.7844618007545128,-0.014073722437692893,0.6819852941176471
papalexi2021_rep2,papalexi2021_rep1__papalexi2021_rep3,same_identity_disjoint_cells,False,89,0.47777923420198876,0.40382520433380725,-0.0739540298681815,0.7417764497133009,0.6787809331791814,-0.0629955165341195,0.5863970588235294
papalexi2021_rep2,papalexi2021_rep1__papalexi2021_rep3,same_identity_disjoint_cells,False,90,0.6448426183745828,0.5743378127081935,-0.07050480566638928,0.8244800401564026,0.8232711617186639,-0.0012088784377387585,0.6966911764705882
papalexi2021_rep2,papalexi2021_rep1__papalexi2021_rep3,same_identity_disjoint_cells,False,91,0.6207546172853082,0.5675510025058705,-0.05320361477943769,0.8477603036021072,0.844161530541018,-0.0035987730610892443,0.7279411764705882
papalexi2021_rep2,papalexi2021_rep1__papalexi2021_rep3,same_identity_disjoint_cells,False,92,0.4482124245786548,0.5552137824246769,0.1070013578460221,0.8040429731984662,0.8190630736045962,0.01502010040613,0.6893382352941176
papalexi2021_rep2,papalexi2021_rep1__papalexi2021_rep3,same_identity_disjoint_cells,False,93,0.6466956144043948,0.5302112300262153,-0.11648438437817954,0.787538935557426,0.7444697064817632,-0.043069229075662796,0.6158088235294118
papalexi2021_rep2,papalexi2021_rep1__papalexi2021_rep3,same_identity_disjoint_cells,False,94,0.6329485296169722,0.4369605441906239,-0.19598798542634832,0.8426734410041612,0.7903444536108356,-0.05232898739332559,0.6856617647058824
papalexi2021_rep2,papalexi2021_rep1__papalexi2021_rep3,same_identity_disjoint_cells,False,95,0.6121063551812371,0.6306363154793573,0.01852996029812015,0.8182579687229341,0.8217582776460371,0.003500308923103046,0.6654411764705882
papalexi2021_rep2,papalexi2021_rep1__papalexi2021_rep3,same_identity_disjoint_cells,False,96,0.45869332033909105,0.4839311484453585,0.025237828106267457,0.7632626200032666,0.7742564489888235,0.010993828985556897,0.6231617647058824
papalexi2021_rep2,papalexi2021_rep1__papalexi2021_rep3,same_identity_disjoint_cells,False,97,0.7496946470238419,0.7503133949225091,0.0006187478986672268,0.8086402509507505,0.8126689249932113,0.004028674042460767,0.6231617647058824
papalexi2021_rep2,papalexi2021_rep1__papalexi2021_rep3,same_identity_disjoint_cells,False,98,0.6202224197058139,0.48921833421384614,-0.1310040854919678,0.7899086898059648,0.7588557864185027,-0.03105290338746214,0.6066176470588235
papalexi2021_rep2,papalexi2021_rep1__papalexi2021_rep3,same_identity_disjoint_cells,False,99,0.3919779971148241,0.4467907327370256,0.05481273562220146,0.7607998533509455,0.7629505111082208,0.0021506577572752983,0.6415441176470589
papalexi2021_rep2,papalexi2021_rep1__papalexi2021_rep3,different_guide_identities,False,0,0.5521928168839818,0.8540698684260769,0.3018770515420951,0.7052266128539376,0.7702473100897085,0.06502069723577086,0.5367647058823529
papalexi2021_rep2,papalexi2021_rep1__papalexi2021_rep3,different_guide_identities,False,1,0.6758748971460271,0.7438574938574938,0.06798259671146667,0.8141938763370424,0.8248419675228174,0.010648091185774922,0.6746323529411765
papalexi2021_rep2,papalexi2021_rep1__papalexi2021_rep3,different_guide_identities,False,2,0.8062736726487758,0.6676992928938978,-0.13857437975487796,0.8410472752749462,0.8201095311869264,-0.02093774408801974,0.6948529411764706
papalexi2021_rep2,papalexi2021_rep1__papalexi2021_rep3,different_guide_identities,False,3,0.541641889965407,0.6009852216748768,0.059343331709469815,0.7830433435929218,0.7886805729893424,0.005637229396420529,0.6452205882352942
papalexi2021_rep2,papalexi2021_rep1__papalexi2021_rep3,different_guide_identities,False,4,0.38865906923246196,0.6610880616573989,0.2724289924249369,0.8108762825025801,0.8618823995473001,0.05100611704471991,0.7022058823529411
papalexi2021_rep2,papalexi2021_rep1__papalexi2021_rep3,different_guide_identities,False,5,0.4205668213913988,0.6833338540878788,0.26276703269648005,0.708091487100462,0.7501330792569438,0.042041592156481844,0.5496323529411765
papalexi2021_rep2,papalexi2021_rep1__papalexi2021_rep3,different_guide_identities,False,6,0.4017308384284585,0.5129473689813491,0.11121653055289055,0.7506707245421022,0.802404967797485,0.051734243255382895,0.6985294117647058
papalexi2021_rep2,papalexi2021_rep1__papalexi2021_rep3,different_guide_identities,False,7,0.7943151222256265,0.657170800184245,-0.1371443220413815,0.8274600924714463,0.8196238162068612,-0.007836276264585051,0.6599264705882353
papalexi2021_rep2,papalexi2021_rep1__papalexi2021_rep3,different_guide_identities,False,8,0.639506660194257,0.5015431167902914,-0.13796354340396555,0.7940135860301031,0.6964041705783162,-0.09760941545178692,0.6194852941176471
papalexi2021_rep2,papalexi2021_rep1__papalexi2021_rep3,different_guide_identities,False,9,0.48767288034815504,0.365600528503737,-0.12207235184441806,0.8353485959806245,0.8281424034803144,-0.007206192500310071,0.7463235294117647
papalexi2021_rep2,papalexi2021_rep1__papalexi2021_rep3,different_guide_identities,False,10,0.5443366265180303,0.5446729482223562,0.0003363217043259592,0.7295684231846105,0.7159722052685396,-0.013596217916070907,0.5459558823529411
papalexi2021_rep2,papalexi2021_rep1__papalexi2021_rep3,different_guide_identities,False,11,0.6478181924300351,0.6449631449631449,-0.002855047466890248,0.770166204722325,0.7734954683916622,0.003329263669337168,0.6047794117647058
papalexi2021_rep2,papalexi2021_rep1__papalexi2021_rep3,different_guide_identities,False,12,0.6055821588505034,0.36020178001396796,-0.2453803788365354,0.8336079294299992,0.7818615089795344,-0.051746420450464736,0.7022058823529411
papalexi2021_rep2,papalexi2021_rep1__papalexi2021_rep3,different_guide_identities,False,13,0.4953641492608364,0.6050524869990317,0.10968833773819531,0.7526123686482684,0.7745281545576205,0.02191578590935206,0.5735294117647058
papalexi2021_rep2,papalexi2021_rep1__papalexi2021_rep3,different_guide_identities,False,14,0.5209106031529467,0.7264326702361082,0.20552206708316156,0.7932030387912741,0.8188491043270456,0.025646065535771534,0.65625
papalexi2021_rep2,papalexi2021_rep1__papalexi2021_rep3,different_guide_identities,False,15,0.6810924456577688,0.68187474770838,0.0007823020506111389,0.8323745226143042,0.821557505685155,-0.01081701692914927,0.6654411764705882
papalexi2021_rep2,papalexi2021_rep1__papalexi2021_rep3,different_guide_identities,False,16,0.7739417615559577,0.673269389246215,-0.10067237230974269,0.8452356453559416,0.8297567104836244,-0.015478934872317218,0.6966911764705882
papalexi2021_rep2,papalexi2021_rep1__papalexi2021_rep3,different_guide_identities,False,17,0.48642123585422115,0.5428773511994336,0.05645611534521244,0.8244085517279721,0.8214118012358174,-0.002996750492154754,0.6930147058823529
papalexi2021_rep2,papalexi2021_rep1__papalexi2021_rep3,different_guide_identities,False,18,0.3469146377538988,0.5394088669950738,0.19249422924117504,0.7063049282813014,0.7708155529711542,0.0645106246898528,0.6176470588235294
papalexi2021_rep2,papalexi2021_rep1__papalexi2021_rep3,different_guide_identities,False,19,0.7387009648926798,0.7572768483350774,0.01857588344239758,0.8135044834898856,0.8150980976983897,0.0015936142085041238,0.6470588235294118
papalexi2021_rep2,papalexi2021_rep1__papalexi2021_rep3,different_guide_identities,False,20,0.6167183844795683,0.4533638197894263,-0.16335456469014198,0.8675692430707028,0.813615981258985,-0.05395326181171778,0.7352941176470589
papalexi2021_rep2,papalexi2021_rep1__papalexi2021_rep3,different_guide_identities,False,21,0.5410963099898727,0.5970334722428565,0.05593716225298384,0.7312820967719323,0.7288397908140014,-0.0024423059579309347,0.5827205882352942
papalexi2021_rep2,papalexi2021_rep1__papalexi2021_rep3,different_guide_identities,False,22,0.5840584039442754,0.7942084070689936,0.2101500031247182,0.7790207041612751,0.8185966791462574,0.03957597498498233,0.6139705882352942
papalexi2021_rep2,papalexi2021_rep1__papalexi2021_rep3,different_guide_identities,False,23,0.4879712243310215,0.545679428196644,0.05770820386562242,0.8516085799593045,0.8654267560132342,0.013818176053929654,0.7665441176470589
papalexi2021_rep2,papalexi2021_rep1__papalexi2021_rep3,different_guide_identities,False,24,0.6260834954244724,0.7857148815452779,0.15963138612080552,0.8133112974767928,0.8415920139008914,0.028280716424098684,0.6672794117647058
papalexi2021_rep2,papalexi2021_rep1__papalexi2021_rep3,different_guide_identities,False,25,0.7274412855377009,0.7714640137450708,0.044022728207369854,0.754382797238685,0.7662199350294072,0.011837137790722263,0.5386029411764706
papalexi2021_rep2,papalexi2021_rep1__papalexi2021_rep3,different_guide_identities,False,26,0.5547988679655554,0.6538956941353326,0.09909682616977711,0.8069309554644223,0.8306245565936851,0.023693601129262776,0.6709558823529411
papalexi2021_rep2,papalexi2021_rep1__papalexi2021_rep3,different_guide_identities,False,27,0.39332465027354285,0.452470515077594,0.05914586480405115,0.7156722511136979,0.7443726280447733,0.02870037693107541,0.5863970588235294
papalexi2021_rep2,papalexi2021_rep1__papalexi2021_rep3,different_guide_identities,False,28,0.6280788177339901,0.6063965226786369,-0.02168229505535324,0.8104223302468869,0.8058371533731071,-0.004585176873779795,0.6470588235294118
papalexi2021_rep2,papalexi2021_rep1__papalexi2021_rep3,different_guide_identities,False,29,0.6070544554455446,0.7850067984803814,0.17795234303483676,0.7601160690220488,0.81186668003277,0.051750611010721204,0.6323529411764706
papalexi2021_rep2,papalexi2021_rep1__papalexi2021_rep3,different_guide_identities,False,30,0.5504942806641618,0.6422865380354713,0.09179225737130947,0.7352716301624174,0.7382588237286551,0.002987193566237778,0.5955882352941176
papalexi2021_rep2,papalexi2021_rep1__papalexi2021_rep3,different_guide_identities,False,31,0.34491554058781904,0.6389622424558519,0.29404670186803283,0.723453150499539,0.8018079184338105,0.07835476793427154,0.6194852941176471
papalexi2021_rep2,papalexi2021_rep1__papalexi2021_rep3,different_guide_identities,False,32,0.5481717507569652,0.5858784719395449,0.03770672118257967,0.7736830706418725,0.7658259486992727,-0.007857121942599798,0.5955882352941176
papalexi2021_rep2,papalexi2021_rep1__papalexi2021_rep3,different_guide_identities,False,33,0.7002462286570496,0.5659915124147474,-0.13425471624230212,0.773421929917929,0.7302579120526244,-0.04316401786530466,0.5900735294117647
papalexi2021_rep2,papalexi2021_rep1__papalexi2021_rep3,different_guide_identities,False,34,0.6822960481796585,0.7374625726631866,0.0551665244835281,0.8193008578551398,0.8314047262090082,0.012103868353868341,0.6672794117647058
papalexi2021_rep2,papalexi2021_rep1__papalexi2021_rep3,different_guide_identities,False,35,0.7234589954583086,0.5546643246987132,-0.16879467075959542,0.8311472045711881,0.8138935074921234,-0.017253697079064656,0.6801470588235294
papalexi2021_rep2,papalexi2021_rep1__papalexi2021_rep3,different_guide_identities,False,36,0.6261043478797673,0.5305368066902704,-0.09556754118949695,0.852443961117458,0.8185827217644908,-0.033861239352967254,0.7058823529411765
papalexi2021_rep2,papalexi2021_rep1__papalexi2021_rep3,different_guide_identities,False,37,0.6637931034482758,0.47625004447983393,-0.18754305896844187,0.7661560967627143,0.7361702431555373,-0.029985853607177093,0.5625
papalexi2021_rep2,papalexi2021_rep1__papalexi2021_rep3,different_guide_identities,False,38,0.7492299635344425,0.6067905858792998,-0.1424393776551427,0.8207990493863115,0.8010431644420075,-0.019755884944304025,0.6452205882352942
papalexi2021_rep2,papalexi2021_rep1__papalexi2021_rep3,different_guide_identities,False,39,0.605198483297222,0.6806703244857313,0.07547184118850925,0.8007306797903413,0.8162039231013604,0.01547324331101907,0.6709558823529411
papalexi2021_rep2,papalexi2021_rep1__papalexi2021_rep3,different_guide_identities,False,40,0.5713404425253726,0.524338542085621,-0.04700190043975161,0.7701203631648051,0.7563330271348221,-0.013787336029983055,0.5974264705882353
papalexi2021_rep2,papalexi2021_rep1__papalexi2021_rep3,different_guide_identities,False,41,0.39197560735844905,0.4366893976923659,0.04471379033391687,0.7126413096947266,0.7223568290609813,0.009715519366254699,0.5845588235294118
papalexi2021_rep2,papalexi2021_rep1__papalexi2021_rep3,different_guide_identities,False,42,0.6451047248742161,0.4928801073382842,-0.15222461753593192,0.8014598991634567,0.7679905600875,-0.03346933907595673,0.6194852941176471
papalexi2021_rep2,papalexi2021_rep1__papalexi2021_rep3,different_guide_identities,False,43,0.6085084773853264,0.6714022281352218,0.06289375074989534,0.8302065158385443,0.8423154814746239,0.01210896563607955,0.6838235294117647
papalexi2021_rep2,papalexi2021_rep1__papalexi2021_rep3,different_guide_identities,False,44,0.6267001079483953,0.7610216666045322,0.13432155865613693,0.7823107346085287,0.812627749599257,0.030317014990728253,0.625
papalexi2021_rep2,papalexi2021_rep1__papalexi2021_rep3,different_guide_identities,False,45,0.41487407959229006,0.6410117966122958,0.22613771702000574,0.8001988744987232,0.8259830882424958,0.0257842137437726,0.7003676470588235
papalexi2021_rep2,papalexi2021_rep1__papalexi2021_rep3,different_guide_identities,False,46,0.4944649446494464,0.6405691488339973,0.1461042041845509,0.7128684744885545,0.748560659652247,0.03569218516369255,0.5900735294117647
papalexi2021_rep2,papalexi2021_rep1__papalexi2021_rep3,different_guide_identities,False,47,0.7826093558634337,0.4929231702576504,-0.2896861856057833,0.8344216972533908,0.7936357516834377,-0.040785945569953075,0.6654411764705882
papalexi2021_rep2,papalexi2021_rep1__papalexi2021_rep3,different_guide_identities,False,48,0.813297969272431,0.754672942406179,-0.05862502686625204,0.8066685481653583,0.7897321349054156,-0.016936413259942662,0.6305147058823529
papalexi2021_rep2,papalexi2021_rep1__papalexi2021_rep3,different_guide_identities,False,49,0.642023995529067,0.6847636649904348,0.04273966946136787,0.8147777788700151,0.8318291558019066,0.017051376931891515,0.6911764705882353
papalexi2021_rep2,papalexi2021_rep1__papalexi2021_rep3,different_guide_identities,False,50,0.5711651160608975,0.6040822368728863,0.03291712081198883,0.8364728812433722,0.8368425304871023,0.0003696492437301746,0.7113970588235294
papalexi2021_rep2,papalexi2021_rep1__papalexi2021_rep3,different_guide_identities,False,51,0.36063514300603505,0.584575029155228,0.2239398861491929,0.6925898833541025,0.7930722007711627,0.10048231741706015,0.6507352941176471
papalexi2021_rep2,papalexi2021_rep1__papalexi2021_rep3,different_guide_identities,False,52,0.7492272988433717,0.6954398458948498,-0.05378745294852194,0.8846361000651116,0.8802341371383327,-0.004401962926778968,0.7683823529411765
papalexi2021_rep2,papalexi2021_rep1__papalexi2021_rep3,different_guide_identities,False,53,0.6724143030152379,0.4685587614185158,-0.20385554159672203,0.7907922438780463,0.7733921807059242,-0.01740006317212206,0.6599264705882353
papalexi2021_rep2,papalexi2021_rep1__papalexi2021_rep3,different_guide_identities,False,54,0.6656411651301425,0.5600740434644804,-0.10556712166566207,0.8449431794776734,0.8263826907425523,-0.01856048873512106,0.7242647058823529
papalexi2021_rep2,papalexi2021_rep1__papalexi2021_rep3,different_guide_identities,False,55,0.691358551561359,0.8340532123781924,0.14269466081683346,0.806013348795572,0.8280344751365513,0.022021126340979302,0.6360294117647058
papalexi2021_rep2,papalexi2021_rep1__papalexi2021_rep3,different_guide_identities,False,56,0.7648608575819015,0.6054258609851981,-0.15943499659670335,0.7705222763167725,0.7540591311082229,-0.016463145208549634,0.5772058823529411
papalexi2021_rep2,papalexi2021_rep1__papalexi2021_rep3,different_guide_identities,False,57,0.5052437728829434,0.4438271604938271,-0.06141661238911633,0.8018253841776495,0.79271234775533,-0.009113036422319531,0.7058823529411765
papalexi2021_rep2,papalexi2021_rep1__papalexi2021_rep3,different_guide_identities,False,58,0.8377839068760031,0.7725858197389183,-0.06519808713708486,0.8428968678110385,0.8387640992825897,-0.004132768528448794,0.6470588235294118
papalexi2021_rep2,papalexi2021_rep1__papalexi2021_rep3,different_guide_identities,False,59,0.6325567322847119,0.5368887153322638,-0.09566801695244809,0.8134322153420878,0.8044225567000761,-0.009009658642011642,0.6764705882352942
papalexi2021_rep2,papalexi2021_rep1__papalexi2021_rep3,different_guide_identities,False,60,0.47454001981959343,0.6301794649726077,0.15563944515301426,0.7954534683705856,0.8110116183496915,0.015558149979105873,0.6544117647058824
papalexi2021_rep2,papalexi2021_rep1__papalexi2021_rep3,different_guide_identities,False,61,0.43041904561140226,0.589032767383986,0.15861372177258376,0.7475876999598345,0.7598890245543576,0.012301324594523044,0.6341911764705882
papalexi2021_rep2,papalexi2021_rep1__papalexi2021_rep3,different_guide_identities,False,62,0.7231646059948141,0.6755090736347047,-0.04765553236010944,0.7864935935424149,0.782714516716463,-0.0037790768259519103,0.6158088235294118
papalexi2021_rep2,papalexi2021_rep1__papalexi2021_rep3,different_guide_identities,False,63,0.6604835114915615,0.5769954271738079,-0.08348808431775356,0.8463538762035734,0.8209001606993064,-0.025453715504267005,0.7132352941176471
papalexi2021_rep2,papalexi2021_rep1__papalexi2021_rep3,different_guide_identities,False,64,0.6081332023096173,0.5631226933340686,-0.0450105089755487,0.7732450958067308,0.7676492848570596,-0.005595810949671209,0.6047794117647058
papalexi2021_rep2,papalexi2021_rep1__papalexi2021_rep3,different_guide_identities,False,65,0.716049928402836,0.582563081902257,-0.13348684650057896,0.8329127099171973,0.8156049232390064,-0.017307786678190995,0.6654411764705882
papalexi2021_rep2,papalexi2021_rep1__papalexi2021_rep3,different_guide_identities,False,66,0.4993830966188744,0.6555560551412171,0.15617295852234264,0.828824126661497,0.8467210913185719,0.01789696465707491,0.7297794117647058
papalexi2021_rep2,papalexi2021_rep1__papalexi2021_rep3,different_guide_identities,False,67,0.6522040014196503,0.5731040043028053,-0.07909999711684501,0.843296889727199,0.8264689821364237,-0.016827907590775237,0.6893382352941176
papalexi2021_rep2,papalexi2021_rep1__papalexi2021_rep3,different_guide_identities,False,68,0.5250823316920693,0.32592617430749776,-0.19915615738457154,0.784374156516782,0.7592068197685629,-0.025167336748219138,0.6580882352941176
papalexi2021_rep2,papalexi2021_rep1__papalexi2021_rep3,different_guide_identities,False,69,0.5800866910150206,0.5855476389915146,0.0054609479764939906,0.734828034956441,0.7620237712054861,0.027195736249045144,0.6011029411764706
papalexi2021_rep2,papalexi2021_rep1__papalexi2021_rep3,different_guide_identities,False,70,0.5608401316897712,0.6428695435311895,0.08202941184141832,0.7589683903778843,0.7725309154753358,0.013562525097451483,0.5680147058823529
papalexi2021_rep2,papalexi2021_rep1__papalexi2021_rep3,different_guide_identities,False,71,0.6839187989500256,0.5822551937006974,-0.10166360524932816,0.795192933628271,0.7827267684277308,-0.012466165200540225,0.6213235294117647
papalexi2021_rep2,papalexi2021_rep1__papalexi2021_rep3,different_guide_identities,False,72,0.3096859097524309,0.34504168665669627,0.03535577690426539,0.747575588879114,0.786139021973797,0.03856343309468302,0.7003676470588235
papalexi2021_rep2,papalexi2021_rep1__papalexi2021_rep3,different_guide_identities,False,73,0.5111484006105029,0.5649481541518915,0.05379975354138855,0.7962588221563136,0.8130556104374768,0.016796788281163155,0.6507352941176471
papalexi2021_rep2,papalexi2021_rep1__papalexi2021_rep3,different_guide_identities,False,74,0.6348430075060486,0.6312636142434187,-0.003579393262629904,0.7908964121050518,0.7857936257982213,-0.005102786306830476,0.625
papalexi2021_rep2,papalexi2021_rep1__papalexi2021_rep3,different_guide_identities,False,75,0.5278810408921933,0.6191400489860923,0.09125900809389897,0.7995551110630046,0.8142719352926965,0.014716824229691894,0.6727941176470589
papalexi2021_rep2,papalexi2021_rep1__papalexi2021_rep3,different_guide_identities,False,76,0.5637844298308097,0.40917615718163286,-0.15460827264917681,0.7940973623526608,0.7595805949085036,-0.034516767444157215,0.6746323529411765
papalexi2021_rep2,papalexi2021_rep1__papalexi2021_rep3,different_guide_identities,False,77,0.733675992405117,0.37760241647367454,-0.3560735759314425,0.8659738970360186,0.8105955284683117,-0.05537836856770684,0.7040441176470589
papalexi2021_rep2,papalexi2021_rep1__papalexi2021_rep3,different_guide_identities,False,78,0.46699648143942263,0.4855036075202452,0.018507126080822556,0.7476704925937192,0.7921170565485552,0.04444656395483604,0.6819852941176471
papalexi2021_rep2,papalexi2021_rep1__papalexi2021_rep3,different_guide_identities,False,79,0.724479436949488,0.6732562515830706,-0.051223185366417456,0.789871106792333,0.7728399761582613,-0.01703113063407169,0.5863970588235294
papalexi2021_rep2,papalexi2021_rep1__papalexi2021_rep3,different_guide_identities,False,80,0.6001434842785659,0.7223970207437916,0.12225353646522574,0.7590790935743899,0.7707004073096743,0.011621313735284411,0.6029411764705882
papalexi2021_rep2,papalexi2021_rep1__papalexi2021_rep3,different_guide_identities,False,81,0.44520337204630966,0.6567779537586518,0.2115745817123421,0.8303446984040086,0.8556721079225945,0.02532740951858592,0.7242647058823529
papalexi2021_rep2,papalexi2021_rep1__papalexi2021_rep3,different_guide_identities,False,82,0.6964149984939826,0.47832062174141865,-0.21809437675256393,0.745824837737954,0.7074999477586522,-0.038324889979301835,0.5257352941176471
papalexi2021_rep2,papalexi2021_rep1__papalexi2021_rep3,different_guide_identities,False,83,0.6512060614486319,0.41481607930715303,-0.23638998214147888,0.8454513431589555,0.8133810671318781,-0.03207027602707746,0.7279411764705882
papalexi2021_rep2,papalexi2021_rep1__papalexi2021_rep3,different_guide_identities,False,84,0.6296296296296295,0.5349421698878283,-0.09468745974180126,0.805812579985374,0.7808334192870038,-0.02497916069837025,0.625
papalexi2021_rep2,papalexi2021_rep1__papalexi2021_rep3,different_guide_identities,False,85,0.6749330809274526,0.37484615425560125,-0.3000869266718514,0.8207355530438899,0.7632586013803574,-0.057476951663532505,0.6819852941176471
papalexi2021_rep2,papalexi2021_rep1__papalexi2021_rep3,different_guide_identities,False,86,0.8262491009833346,0.7794353733691692,-0.04681372761416536,0.8596901569571336,0.8541333286751215,-0.005556828282012094,0.7132352941176471
papalexi2021_rep2,papalexi2021_rep1__papalexi2021_rep3,different_guide_identities,False,87,0.33785681217546015,0.2338074046643015,-0.10404940751115865,0.7131006629736084,0.6852676376451787,-0.027833025328429684,0.5496323529411765
papalexi2021_rep2,papalexi2021_rep1__papalexi2021_rep3,different_guide_identities,False,88,0.4736516719300825,0.38628201319065836,-0.08736965873942415,0.8100653230492114,0.7954527629173499,-0.014612560131861518,0.6819852941176471
papalexi2021_rep2,papalexi2021_rep1__papalexi2021_rep3,different_guide_identities,False,89,0.5801519347757444,0.4648162317236402,-0.11533570305210422,0.7581844902022238,0.703542994545103,-0.05464149565712073,0.5863970588235294
papalexi2021_rep2,papalexi2021_rep1__papalexi2021_rep3,different_guide_identities,False,90,0.6337873772871503,0.6182830086139438,-0.015504368673206481,0.8361588752612488,0.8329397432392676,-0.003219132021981208,0.6966911764705882
papalexi2021_rep2,papalexi2021_rep1__papalexi2021_rep3,different_guide_identities,False,91,0.6151602124078869,0.4663788672765632,-0.14878134513132368,0.8387192680445276,0.8274982484595373,-0.011221019584990222,0.7279411764705882
papalexi2021_rep2,papalexi2021_rep1__papalexi2021_rep3,different_guide_identities,False,92,0.49383514730055367,0.5428756983707952,0.04904055107024152,0.8094436973721684,0.8184784407129779,0.009034743340809559,0.6893382352941176
papalexi2021_rep2,papalexi2021_rep1__papalexi2021_rep3,different_guide_identities,False,93,0.6075401730531521,0.5669967923505335,-0.04054338070261865,0.7858860847317811,0.7596195994809208,-0.026266485250860283,0.6158088235294118
papalexi2021_rep2,papalexi2021_rep1__papalexi2021_rep3,different_guide_identities,False,94,0.6654275092936804,0.4500030864515068,-0.21542442284217367,0.8477796680083661,0.7917009810703042,-0.05607868693806195,0.6856617647058824
papalexi2021_rep2,papalexi2021_rep1__papalexi2021_rep3,different_guide_identities,False,95,0.5533537090006018,0.4117460370208884,-0.14160767197971336,0.8073855588615536,0.7423015405514325,-0.06508401831012112,0.6654411764705882
papalexi2021_rep2,papalexi2021_rep1__papalexi2021_rep3,different_guide_identities,False,96,0.4364984822581673,0.5223084417728217,0.08580995951465437,0.7581399317234092,0.78072473943,0.02258480770659077,0.6231617647058824
papalexi2021_rep2,papalexi2021_rep1__papalexi2021_rep3,different_guide_identities,False,97,0.5816831683168316,0.6147187322696488,0.03303556395281715,0.7850178918964063,0.7817385136629839,-0.003279378233422392,0.6231617647058824
papalexi2021_rep2,papalexi2021_rep1__papalexi2021_rep3,different_guide_identities,False,98,0.5736300619056559,0.46942566088571164,-0.10420440101994427,0.782586475153787,0.7555009088104082,-0.027085566343378775,0.6066176470588235
papalexi2021_rep2,papalexi2021_rep1__papalexi2021_rep3,different_guide_identities,False,99,0.5590405904059039,0.46054394049951486,-0.09849664990638907,0.7948128430165087,0.7625199112750475,-0.032292931741461195,0.6415441176470589
papalexi2021_rep3,papalexi2021_rep1__papalexi2021_rep2,same_identity_disjoint_cells,False,0,0.5387022721561744,0.7961931225944242,0.2574908504382498,0.774783009516195,0.7877606645205044,0.012977655004309363,0.6011029411764706
papalexi2021_rep3,papalexi2021_rep1__papalexi2021_rep2,same_identity_disjoint_cells,False,1,0.5166666666666666,0.6424681263559079,0.12580145968924128,0.8261919144028789,0.8521414244516536,0.02594951004877477,0.7242647058823529
papalexi2021_rep3,papalexi2021_rep1__papalexi2021_rep2,same_identity_disjoint_cells,False,2,0.6918818113919484,0.8543216387151078,0.16243982732315942,0.7758674446228513,0.8068021094270014,0.03093466480415008,0.6029411764705882
papalexi2021_rep3,papalexi2021_rep1__papalexi2021_rep2,same_identity_disjoint_cells,False,3,0.7880195211086319,0.6350770433282088,-0.15294247778042314,0.825748209823145,0.8080819376761742,-0.017666272146970807,0.6617647058823529
papalexi2021_rep3,papalexi2021_rep1__papalexi2021_rep2,same_identity_disjoint_cells,False,4,0.5634762418752127,0.6267882953427222,0.06331205346750945,0.7789470384599061,0.7853805763272677,0.006433537867361561,0.625
papalexi2021_rep3,papalexi2021_rep1__papalexi2021_rep2,same_identity_disjoint_cells,False,5,0.7360012542517269,0.5588417573402461,-0.1771594969114808,0.7717464435254768,0.7278093348824858,-0.04393710864299105,0.5790441176470589
papalexi2021_rep3,papalexi2021_rep1__papalexi2021_rep2,same_identity_disjoint_cells,False,6,0.8409371146732431,0.6274795725722478,-0.2134575421009952,0.8463774632020469,0.8088534382584447,-0.037524024943602186,0.6525735294117647
papalexi2021_rep3,papalexi2021_rep1__papalexi2021_rep2,same_identity_disjoint_cells,False,7,0.7801113285508602,0.5027795894223279,-0.27733173912853226,0.8029645694019072,0.7642906463070281,-0.03867392309487905,0.5919117647058824
papalexi2021_rep3,papalexi2021_rep1__papalexi2021_rep2,same_identity_disjoint_cells,False,8,0.2351169168508703,0.6707768187422936,0.43565990189142323,0.6952244610265264,0.783779030945986,0.08855456991945965,0.6213235294117647
papalexi2021_rep3,papalexi2021_rep1__papalexi2021_rep2,same_identity_disjoint_cells,False,9,0.38799534665374047,0.3967873682749371,0.008792021621196633,0.7247176091101805,0.7494251217772518,0.024707512667071385,0.6470588235294118
papalexi2021_rep3,papalexi2021_rep1__papalexi2021_rep2,same_identity_disjoint_cells,False,10,0.6927834196254579,0.37577514243187243,-0.31700827719358543,0.7810359852625748,0.7138696012993159,-0.06716638396325891,0.5992647058823529
papalexi2021_rep3,papalexi2021_rep1__papalexi2021_rep2,same_identity_disjoint_cells,False,11,0.7916152897657215,0.44766043799640837,-0.3439548517693131,0.8580864141985467,0.8145908676699117,-0.043495546528634965,0.6875
papalexi2021_rep3,papalexi2021_rep1__papalexi2021_rep2,same_identity_disjoint_cells,False,12,0.605198483297222,0.5735493423039589,-0.0316491409932631,0.7971121002519683,0.7891851517919316,-0.00792694846003672,0.6268382352941176
papalexi2021_rep3,papalexi2021_rep1__papalexi2021_rep2,same_identity_disjoint_cells,False,13,0.7219487609100479,0.7017869477514227,-0.020161813158625197,0.7936539274565064,0.7812121604306402,-0.01244176702586619,0.6011029411764706
papalexi2021_rep3,papalexi2021_rep1__papalexi2021_rep2,same_identity_disjoint_cells,False,14,0.6847688770709934,0.4969112836340334,-0.18785759343696,0.8334089119502182,0.8021037817250511,-0.03130513022516701,0.6764705882352942
papalexi2021_rep3,papalexi2021_rep1__papalexi2021_rep2,same_identity_disjoint_cells,False,15,0.7048687334264987,0.27637266208981526,-0.42849607133668344,0.8648483848067542,0.7892130315978716,-0.0756353532088826,0.7261029411764706
papalexi2021_rep3,papalexi2021_rep1__papalexi2021_rep2,same_identity_disjoint_cells,False,16,0.5758777738340313,0.5983889776564185,0.02251120382238725,0.7715382679064016,0.7663079921568243,-0.00523027574957724,0.5992647058823529
papalexi2021_rep3,papalexi2021_rep1__papalexi2021_rep2,same_identity_disjoint_cells,False,17,0.8283792478161804,0.8532548632542625,0.024875615438082033,0.8145876856287215,0.8266145221500433,0.012026836521321749,0.6213235294117647
papalexi2021_rep3,papalexi2021_rep1__papalexi2021_rep2,same_identity_disjoint_cells,False,18,0.5401767672458166,0.6137766020621497,0.07359983481633303,0.8133270463977104,0.8254464731311077,0.012119426733397387,0.6654411764705882
papalexi2021_rep3,papalexi2021_rep1__papalexi2021_rep2,same_identity_disjoint_cells,False,19,0.614346199201553,0.49876885113767644,-0.11557734806387654,0.7878719300391553,0.7692260564070684,-0.018645873632086918,0.6139705882352942
papalexi2021_rep3,papalexi2021_rep1__papalexi2021_rep2,same_identity_disjoint_cells,False,20,0.5847884244272703,0.7490913365400966,0.16430291211282633,0.7557973069678304,0.7870494876915184,0.03125218072368796,0.6305147058823529
papalexi2021_rep3,papalexi2021_rep1__papalexi2021_rep2,same_identity_disjoint_cells,False,21,0.5188903230636251,0.622071516646116,0.1031811935824909,0.8174479417221091,0.8340726645278981,0.016624722805788972,0.6801470588235294
papalexi2021_rep3,papalexi2021_rep1__papalexi2021_rep2,same_identity_disjoint_cells,False,22,0.8407433035957477,0.4708801632557931,-0.36986314033995454,0.8535920025404239,0.7818108221195377,-0.07178118042088621,0.6966911764705882
papalexi2021_rep3,papalexi2021_rep1__papalexi2021_rep2,same_identity_disjoint_cells,False,23,0.27486107775544955,0.40283844435923777,0.12797736660378822,0.7918502932032885,0.8146872167984841,0.022836923595195624,0.7297794117647058
papalexi2021_rep3,papalexi2021_rep1__papalexi2021_rep2,same_identity_disjoint_cells,False,24,0.24167694204685577,0.5107959022552835,0.26911896020842774,0.7210284558170588,0.7939487009110171,0.07292024509395834,0.65625
papalexi2021_rep3,papalexi2021_rep1__papalexi2021_rep2,same_identity_disjoint_cells,False,25,0.818406579833642,0.6923556434688162,-0.12605093636482578,0.8457785258282663,0.8218449660261404,-0.02393355980212586,0.6470588235294118
papalexi2021_rep3,papalexi2021_rep1__papalexi2021_rep2,same_identity_disjoint_cells,False,26,0.3214285714285714,0.6342899506646028,0.3128613792360314,0.7353330303995314,0.8014643791365785,0.06613134873704718,0.6599264705882353
papalexi2021_rep3,papalexi2021_rep1__papalexi2021_rep2,same_identity_disjoint_cells,False,27,0.648148642088774,0.6794102040568479,0.03126156196807395,0.8006906978306201,0.8135417611871981,0.01285106335657804,0.6691176470588235
papalexi2021_rep3,papalexi2021_rep1__papalexi2021_rep2,same_identity_disjoint_cells,False,28,0.3555555555555555,0.7086419753086419,0.3530864197530864,0.7591796065574181,0.8115352778469128,0.0523556712894947,0.6672794117647058
papalexi2021_rep3,papalexi2021_rep1__papalexi2021_rep2,same_identity_disjoint_cells,False,29,0.7179333088818449,0.756995575489,0.03906226660715506,0.8285611038537347,0.832842929309733,0.0042818254559983115,0.6654411764705882
papalexi2021_rep3,papalexi2021_rep1__papalexi2021_rep2,same_identity_disjoint_cells,False,30,0.5392226675523125,0.6367574257425742,0.0975347581902617,0.7458365296276197,0.7204450807986708,-0.025391448828948948,0.6011029411764706
papalexi2021_rep3,papalexi2021_rep1__papalexi2021_rep2,same_identity_disjoint_cells,False,31,0.49293186938224687,0.5316924083678027,0.03876053898555587,0.8164313906609538,0.8151502741569513,-0.001281116504002533,0.7058823529411765
papalexi2021_rep3,papalexi2021_rep1__papalexi2021_rep2,same_identity_disjoint_cells,False,32,0.639951164666635,0.8182948155065832,0.1783436508399482,0.7881123664907997,0.8225578752814372,0.03444550879063746,0.6066176470588235
papalexi2021_rep3,papalexi2021_rep1__papalexi2021_rep2,same_identity_disjoint_cells,False,33,0.5167079207920792,0.47680899655925474,-0.03989892423282443,0.7466914963400688,0.7540052686584369,0.00731377231836805,0.5900735294117647
papalexi2021_rep3,papalexi2021_rep1__papalexi2021_rep2,same_identity_disjoint_cells,False,34,0.6504335438112292,0.634959972882252,-0.015473570928977165,0.7563089281501372,0.7371582208100914,-0.01915070734004576,0.5753676470588235
papalexi2021_rep3,papalexi2021_rep1__papalexi2021_rep2,same_identity_disjoint_cells,False,35,0.5489843019956384,0.5911057335100343,0.042121431514395846,0.8073288082844203,0.8442943575431682,0.03696554925874784,0.7261029411764706
papalexi2021_rep3,papalexi2021_rep1__papalexi2021_rep2,same_identity_disjoint_cells,False,36,0.40715677377809634,0.38988345610266195,-0.017273317675434385,0.7724992676009111,0.7555705646657744,-0.016928702935136708,0.6415441176470589
papalexi2021_rep3,papalexi2021_rep1__papalexi2021_rep2,same_identity_disjoint_cells,False,37,0.3937160145625286,0.16882345538361945,-0.22489255917890913,0.7208133327888951,0.7141459269716731,-0.006667405817222027,0.6397058823529411
papalexi2021_rep3,papalexi2021_rep1__papalexi2021_rep2,same_identity_disjoint_cells,False,38,0.6830770524169688,0.6473847379663524,-0.03569231445061638,0.7944225903973958,0.7932247992179869,-0.0011977911794088802,0.6102941176470589
papalexi2021_rep3,papalexi2021_rep1__papalexi2021_rep2,same_identity_disjoint_cells,False,39,0.5282555282555281,0.4083643925543762,-0.11989113570115195,0.7637831363177384,0.7481919694168289,-0.015591166900909559,0.6213235294117647
papalexi2021_rep3,papalexi2021_rep1__papalexi2021_rep2,same_identity_disjoint_cells,False,40,0.7661973524882915,0.7100568003928459,-0.05614055209544555,0.8269781943954738,0.802735346761082,-0.024242847634391773,0.65625
papalexi2021_rep3,papalexi2021_rep1__papalexi2021_rep2,same_identity_disjoint_cells,False,41,0.3578345947593689,0.5493234952946021,0.1914889005352332,0.6945495647782628,0.8091792722848087,0.11462970750654589,0.6544117647058824
papalexi2021_rep3,papalexi2021_rep1__papalexi2021_rep2,same_identity_disjoint_cells,False,42,0.6917957416366232,0.7644532228088698,0.07265748117224669,0.7764891105086283,0.7792696836936132,0.0027805731849848137,0.6066176470588235
papalexi2021_rep3,papalexi2021_rep1__papalexi2021_rep2,same_identity_disjoint_cells,False,43,0.4646365592497862,0.6724802925558901,0.20784373330610395,0.742497796396342,0.7962918809372096,0.05379408454086765,0.6470588235294118
papalexi2021_rep3,papalexi2021_rep1__papalexi2021_rep2,same_identity_disjoint_cells,False,44,0.8212140033169943,0.7986883785999852,-0.02252562471700914,0.813048348860146,0.8222247668049464,0.009176417944800397,0.6378676470588235
papalexi2021_rep3,papalexi2021_rep1__papalexi2021_rep2,same_identity_disjoint_cells,False,45,0.44027126983140574,0.6353013530135301,0.19503008318212434,0.7615964302301889,0.8177455048075722,0.056149074577383384,0.6617647058823529
papalexi2021_rep3,papalexi2021_rep1__papalexi2021_rep2,same_identity_disjoint_cells,False,46,0.5107825984951092,0.5903773219782397,0.07959472348313046,0.8217148990235063,0.8296489533270459,0.007934054303539662,0.7058823529411765
papalexi2021_rep3,papalexi2021_rep1__papalexi2021_rep2,same_identity_disjoint_cells,False,47,0.5327630017220711,0.6091621876481955,0.07639918592612438,0.7267730468841521,0.7708590033092628,0.044085956425110706,0.5716911764705882
papalexi2021_rep3,papalexi2021_rep1__papalexi2021_rep2,same_identity_disjoint_cells,False,48,0.7248624381655503,0.6791871921182265,-0.04567524604732376,0.8002230896086323,0.7914928620135151,-0.008730227595117213,0.6194852941176471
papalexi2021_rep3,papalexi2021_rep1__papalexi2021_rep2,same_identity_disjoint_cells,False,49,0.4630996309963099,0.5646345962668046,0.10153496527049466,0.7869867254585572,0.7965407998563815,0.009554074397824297,0.6599264705882353
papalexi2021_rep3,papalexi2021_rep1__papalexi2021_rep2,same_identity_disjoint_cells,False,50,0.4701539351770848,0.5663180580731704,0.09616412289608556,0.8470283253547202,0.8609418066854809,0.013913481330760757,0.7720588235294118
papalexi2021_rep3,papalexi2021_rep1__papalexi2021_rep2,same_identity_disjoint_cells,False,51,0.7427704965567177,0.5073710073710073,-0.2353994891857104,0.784667715532497,0.7610153262551078,-0.02365238927738922,0.5716911764705882
papalexi2021_rep3,papalexi2021_rep1__papalexi2021_rep2,same_identity_disjoint_cells,False,52,0.6355217488564916,0.5395061728395061,-0.09601557601698552,0.7369200524761186,0.7563446612619407,0.019424608785822084,0.59375
papalexi2021_rep3,papalexi2021_rep1__papalexi2021_rep2,same_identity_disjoint_cells,False,53,0.7075784171454015,0.7571167947906463,0.049538377645244824,0.7911158319165456,0.7980796988298611,0.0069638669133155195,0.5955882352941176
papalexi2021_rep3,papalexi2021_rep1__papalexi2021_rep2,same_identity_disjoint_cells,False,54,0.8075036858793613,0.7923599778826422,-0.015143707996719047,0.7639935582247434,0.7498133816135005,-0.014180176611242823,0.5367647058823529
papalexi2021_rep3,papalexi2021_rep1__papalexi2021_rep2,same_identity_disjoint_cells,False,55,0.5652709359605911,0.5169657218576436,-0.048305214102947525,0.8495151386303528,0.8342372639315222,-0.015277874698830574,0.7224264705882353
papalexi2021_rep3,papalexi2021_rep1__papalexi2021_rep2,same_identity_disjoint_cells,False,56,0.7458683774888418,0.6654405700593197,-0.08042780742952216,0.803905205473112,0.7974681299873233,-0.006437075485788646,0.6341911764705882
papalexi2021_rep3,papalexi2021_rep1__papalexi2021_rep2,same_identity_disjoint_cells,False,57,0.7022418984935865,0.6287833194495454,-0.07345857904404118,0.769006073673299,0.7611482809349915,-0.007857792738307445,0.5514705882352942
papalexi2021_rep3,papalexi2021_rep1__papalexi2021_rep2,same_identity_disjoint_cells,False,58,0.5914781817262437,0.35403775792757786,-0.2374404237986658,0.780733056561614,0.7318982601624795,-0.04883479639913446,0.6507352941176471
papalexi2021_rep3,papalexi2021_rep1__papalexi2021_rep2,same_identity_disjoint_cells,False,59,0.5663390663390663,0.6974771237417503,0.13113805740268403,0.727936264253576,0.7093667108494639,-0.01856955340411215,0.5441176470588235
papalexi2021_rep3,papalexi2021_rep1__papalexi2021_rep2,same_identity_disjoint_cells,False,60,0.7566400455065746,0.7547870494767627,-0.0018529960298119263,0.8184428010714777,0.806963086443785,-0.011479714627692705,0.65625
papalexi2021_rep3,papalexi2021_rep1__papalexi2021_rep2,same_identity_disjoint_cells,False,61,0.5414108015714095,0.5667701966269569,0.025359395055547407,0.7833444366451503,0.8237286286377982,0.040384191992647867,0.6893382352941176
papalexi2021_rep3,papalexi2021_rep1__papalexi2021_rep2,same_identity_disjoint_cells,False,62,0.5217157727236615,0.5732049631351526,0.051489190411491026,0.8159106597998791,0.8447128267913843,0.028802166991505174,0.7444852941176471
papalexi2021_rep3,papalexi2021_rep1__papalexi2021_rep2,same_identity_disjoint_cells,False,63,0.6844080372300678,0.5274910330157924,-0.15691700421427546,0.8096330602548163,0.7809392918092095,-0.028693768445606782,0.6194852941176471
papalexi2021_rep3,papalexi2021_rep1__papalexi2021_rep2,same_identity_disjoint_cells,False,64,0.602091020910209,0.624231242312423,0.022140221402213944,0.7538087499714338,0.7562799792119645,0.002471229240530781,0.59375
papalexi2021_rep3,papalexi2021_rep1__papalexi2021_rep2,same_identity_disjoint_cells,False,65,0.4873580296271034,0.5859547214473538,0.09859669182025044,0.7316768145109408,0.7402160362165228,0.008539221705581967,0.5680147058823529
papalexi2021_rep3,papalexi2021_rep1__papalexi2021_rep2,same_identity_disjoint_cells,False,66,0.3408369853937,0.28491372916957686,-0.05592325622412314,0.6671149854986901,0.6281685076505578,-0.03894647784813232,0.5882352941176471
papalexi2021_rep3,papalexi2021_rep1__papalexi2021_rep2,same_identity_disjoint_cells,False,67,0.5878031590544434,0.6527352185585363,0.06493205950409298,0.7783663847326261,0.7918675970619633,0.013501212329337209,0.6507352941176471
papalexi2021_rep3,papalexi2021_rep1__papalexi2021_rep2,same_identity_disjoint_cells,False,68,0.7688557190546864,0.6184349847068285,-0.15042073434785797,0.7959841247876499,0.7407094247634095,-0.0552747000242404,0.6066176470588235
papalexi2021_rep3,papalexi2021_rep1__papalexi2021_rep2,same_identity_disjoint_cells,False,69,0.6526620894869364,0.4072484938671897,-0.24541359561974668,0.8026442804800288,0.7320648811552251,-0.07057939932480373,0.6488970588235294
papalexi2021_rep3,papalexi2021_rep1__papalexi2021_rep2,same_identity_disjoint_cells,False,70,0.4811220219088355,0.6666686988864959,0.18554667697766042,0.7147292271237989,0.7645609084122817,0.04983168128848281,0.5863970588235294
papalexi2021_rep3,papalexi2021_rep1__papalexi2021_rep2,same_identity_disjoint_cells,False,71,0.4713162458140537,0.602717241047553,0.1314009952334993,0.7661397894204987,0.7839142739229243,0.01777448450242569,0.6709558823529411
papalexi2021_rep3,papalexi2021_rep1__papalexi2021_rep2,same_identity_disjoint_cells,False,72,0.7901234567901233,0.7083625279846707,-0.0817609288054526,0.8021618005276634,0.793697567660857,-0.00846423286680642,0.6360294117647058
papalexi2021_rep3,papalexi2021_rep1__papalexi2021_rep2,same_identity_disjoint_cells,False,73,0.5268031180766227,0.45359049845356214,-0.07321261962306058,0.7675488306868065,0.7339385990067219,-0.03361023168008459,0.6158088235294118
papalexi2021_rep3,papalexi2021_rep1__papalexi2021_rep2,same_identity_disjoint_cells,False,74,0.7194809253603397,0.4912950523991127,-0.228185872961227,0.7482114727532655,0.7326864748753265,-0.01552499787793904,0.5882352941176471
papalexi2021_rep3,papalexi2021_rep1__papalexi2021_rep2,same_identity_disjoint_cells,False,75,0.6932603149644573,0.5463539402627036,-0.14690637470175372,0.7837397768693725,0.7454271320999262,-0.03831264476944629,0.59375
papalexi2021_rep3,papalexi2021_rep1__papalexi2021_rep2,same_identity_disjoint_cells,False,76,0.567535819745416,0.3438858514776948,-0.2236499682677212,0.7657431773700155,0.7192478069316305,-0.04649537043838503,0.625
papalexi2021_rep3,papalexi2021_rep1__papalexi2021_rep2,same_identity_disjoint_cells,False,77,0.2757557588262219,0.2303891730399611,-0.045366585786260794,0.7019511791523307,0.6941590198206494,-0.007792159331681314,0.6286764705882353
papalexi2021_rep3,papalexi2021_rep1__papalexi2021_rep2,same_identity_disjoint_cells,False,78,0.6392865570260725,0.6425030978934325,0.003216540867360007,0.835497305432697,0.8156121125006289,-0.01988519293206803,0.6636029411764706
papalexi2021_rep3,papalexi2021_rep1__papalexi2021_rep2,same_identity_disjoint_cells,False,79,0.6928306551297899,0.3826631989133915,-0.3101674562163984,0.7186558396968756,0.7035735032220759,-0.015082336474799729,0.5588235294117647
papalexi2021_rep3,papalexi2021_rep1__papalexi2021_rep2,same_identity_disjoint_cells,False,80,0.6537042018781063,0.7587910142198052,0.10508681234169892,0.7711843659332306,0.7481839033647533,-0.02300046256847732,0.5808823529411765
papalexi2021_rep3,papalexi2021_rep1__papalexi2021_rep2,same_identity_disjoint_cells,False,81,0.48277982779827794,0.6072768157858396,0.12449698798756165,0.7556960867311755,0.7536125595557365,-0.002083527175439026,0.5955882352941176
papalexi2021_rep3,papalexi2021_rep1__papalexi2021_rep2,same_identity_disjoint_cells,False,82,0.36910925656430277,0.43316864857674375,0.06405939201244099,0.7142724793108659,0.7097729245355758,-0.004499554775290071,0.6433823529411765
papalexi2021_rep3,papalexi2021_rep1__papalexi2021_rep2,same_identity_disjoint_cells,False,83,0.5218739660946192,0.8401968397076452,0.318322873613026,0.7910414903183609,0.8453695432907155,0.054328052972354546,0.6691176470588235
papalexi2021_rep3,papalexi2021_rep1__papalexi2021_rep2,same_identity_disjoint_cells,False,84,0.3975231959999626,0.47059049061918684,0.07306729461922423,0.746260307628982,0.7678509208556246,0.021590613226642574,0.6470588235294118
papalexi2021_rep3,papalexi2021_rep1__papalexi2021_rep2,same_identity_disjoint_cells,False,85,0.5015577144802398,0.5396596652030773,0.03810195072283751,0.7323045575167656,0.770642349048491,0.03833779153172545,0.6029411764705882
papalexi2021_rep3,papalexi2021_rep1__papalexi2021_rep2,same_identity_disjoint_cells,False,86,0.6282372223461475,0.5470313787625497,-0.08120584358359784,0.8532470609635942,0.8301934771563341,-0.02305358380726008,0.7352941176470589
papalexi2021_rep3,papalexi2021_rep1__papalexi2021_rep2,same_identity_disjoint_cells,False,87,0.7274991295708535,0.7176482969912957,-0.009850832579557767,0.8126571382829493,0.8099411935863061,-0.0027159446966431577,0.6341911764705882
papalexi2021_rep3,papalexi2021_rep1__papalexi2021_rep2,same_identity_disjoint_cells,False,88,0.8313775520423261,0.7879167518727934,-0.04346080016953269,0.8460560981214096,0.8363551628230478,-0.009700935298361801,0.6672794117647058
papalexi2021_rep3,papalexi2021_rep1__papalexi2021_rep2,same_identity_disjoint_cells,False,89,0.6658436239236465,0.689041498952122,0.02319787502847548,0.7721424287398011,0.7999519277579398,0.027809499018138673,0.6139705882352942
papalexi2021_rep3,papalexi2021_rep1__papalexi2021_rep2,same_identity_disjoint_cells,False,90,0.3933111460859811,0.5124441529581444,0.11913300687216327,0.8058226869307643,0.8128390365941727,0.007016349663408361,0.6727941176470589
papalexi2021_rep3,papalexi2021_rep1__papalexi2021_rep2,same_identity_disjoint_cells,False,91,0.7560223801633039,0.38171718214127603,-0.3743051980220279,0.7941684654974015,0.7543938533652527,-0.039774612132148834,0.6654411764705882
papalexi2021_rep3,papalexi2021_rep1__papalexi2021_rep2,same_identity_disjoint_cells,False,92,0.3993814940115494,0.37608541766972436,-0.02329607634182501,0.7723558657017242,0.7599075781845028,-0.01244828751722138,0.6488970588235294
papalexi2021_rep3,papalexi2021_rep1__papalexi2021_rep2,same_identity_disjoint_cells,False,93,0.586569085858415,0.7575874922528321,0.171018406394417,0.7659442442949688,0.8083617226499472,0.042417478354978444,0.6415441176470589
papalexi2021_rep3,papalexi2021_rep1__papalexi2021_rep2,same_identity_disjoint_cells,False,94,0.6712241467933399,0.7729623723701492,0.10173822557680934,0.8146326292411932,0.8383536768822776,0.023721047641084403,0.6783088235294118
papalexi2021_rep3,papalexi2021_rep1__papalexi2021_rep2,same_identity_disjoint_cells,False,95,0.7461431506159377,0.556720521863171,-0.18942262875276672,0.8186619462983272,0.7895520519885247,-0.029109894309802486,0.6654411764705882
papalexi2021_rep3,papalexi2021_rep1__papalexi2021_rep2,same_identity_disjoint_cells,False,96,0.5955614885047875,0.697046449342093,0.10148496083730552,0.7706863827133075,0.7848546414357941,0.014168258722486615,0.6176470588235294
papalexi2021_rep3,papalexi2021_rep1__papalexi2021_rep2,same_identity_disjoint_cells,False,97,0.6746959855850437,0.6795817958179581,0.004885810232914345,0.8203408056734451,0.8146071742619645,-0.005733631411480644,0.6709558823529411
papalexi2021_rep3,papalexi2021_rep1__papalexi2021_rep2,same_identity_disjoint_cells,False,98,0.8256354644999518,0.6069221260815822,-0.2187133384183696,0.8098125407908604,0.7867452282014891,-0.023067312589371336,0.6084558823529411
papalexi2021_rep3,papalexi2021_rep1__papalexi2021_rep2,same_identity_disjoint_cells,False,99,0.6092597235634476,0.7740746639803072,0.16481494041685962,0.8192629474703977,0.8493501804988073,0.030087233028409544,0.7261029411764706
papalexi2021_rep3,papalexi2021_rep1__papalexi2021_rep2,different_guide_identities,False,0,0.55755334801538,0.8055900621118014,0.24803671409642136,0.7756905119402416,0.8069574578211581,0.0312669458809165,0.6011029411764706
papalexi2021_rep3,papalexi2021_rep1__papalexi2021_rep2,different_guide_identities,False,1,0.5357587303422985,0.6652286191476872,0.12946988880538868,0.8226776590503883,0.8541177237854898,0.031440064735101525,0.7242647058823529
papalexi2021_rep3,papalexi2021_rep1__papalexi2021_rep2,different_guide_identities,False,2,0.588347525995483,0.8269468479604452,0.23859932196496214,0.7525525114963373,0.7938564995834135,0.04130398808707625,0.6029411764705882
papalexi2021_rep3,papalexi2021_rep1__papalexi2021_rep2,different_guide_identities,False,3,0.7688062835380121,0.5937132726921457,-0.17509301084586637,0.8267739559316116,0.8000644547506032,-0.026709501181008455,0.6617647058823529
papalexi2021_rep3,papalexi2021_rep1__papalexi2021_rep2,different_guide_identities,False,4,0.48325396783796953,0.6029824123855687,0.11972844454759918,0.7564350171886938,0.7879316481108761,0.031496630922182356,0.625
papalexi2021_rep3,papalexi2021_rep1__papalexi2021_rep2,different_guide_identities,False,5,0.7308647545077223,0.6140100209141787,-0.11685473359354359,0.766406807671135,0.7397731829217014,-0.02663362474943365,0.5790441176470589
papalexi2021_rep3,papalexi2021_rep1__papalexi2021_rep2,different_guide_identities,False,6,0.726375552166689,0.5365617337151147,-0.1898138184515743,0.8258000970938904,0.7718083372197776,-0.053991759874112755,0.6525735294117647
papalexi2021_rep3,papalexi2021_rep1__papalexi2021_rep2,different_guide_identities,False,7,0.6584163458366505,0.4564546886770275,-0.20196165715962305,0.7712089628760801,0.7380051645298185,-0.03320379834626164,0.5919117647058824
papalexi2021_rep3,papalexi2021_rep1__papalexi2021_rep2,different_guide_identities,False,8,0.15822050822178177,0.5492311653430018,0.39101065712121996,0.6536742424542489,0.73624244783955,0.08256820538530107,0.6213235294117647
papalexi2021_rep3,papalexi2021_rep1__papalexi2021_rep2,different_guide_identities,False,9,0.3581632529217139,0.4467825203891557,0.08861926746744181,0.7258289390588265,0.7584061861581324,0.03257724709930587,0.6470588235294118
papalexi2021_rep3,papalexi2021_rep1__papalexi2021_rep2,different_guide_identities,False,10,0.6547109929786827,0.5339522449414991,-0.12075874803718367,0.7759256926752602,0.7489118083773686,-0.027013884297891644,0.5992647058823529
papalexi2021_rep3,papalexi2021_rep1__papalexi2021_rep2,different_guide_identities,False,11,0.7735966925460454,0.4417745755379895,-0.33182211700805586,0.8524618074939765,0.8093975826053033,-0.04306422488867323,0.6875
papalexi2021_rep3,papalexi2021_rep1__papalexi2021_rep2,different_guide_identities,False,12,0.6629675100808207,0.6751396213767799,0.012172111295959187,0.8020564716485455,0.7978353838107298,-0.004221087837815718,0.6268382352941176
papalexi2021_rep3,papalexi2021_rep1__papalexi2021_rep2,different_guide_identities,False,13,0.7246935671229132,0.7640173970252538,0.039323829902340623,0.794998154869208,0.7894329467419595,-0.005565208127248478,0.6011029411764706
papalexi2021_rep3,papalexi2021_rep1__papalexi2021_rep2,different_guide_identities,False,14,0.7500005743928764,0.4505926044577381,-0.2994079699351383,0.841902277245054,0.7932961949762879,-0.04860608226876606,0.6764705882352942
papalexi2021_rep3,papalexi2021_rep1__papalexi2021_rep2,different_guide_identities,False,15,0.6354699078807774,0.3057443449189832,-0.32972556296179417,0.8575155037376598,0.8093554249479855,-0.04816007878967432,0.7261029411764706
papalexi2021_rep3,papalexi2021_rep1__papalexi2021_rep2,different_guide_identities,False,16,0.6253120988155255,0.7083592689203073,0.0830471701047818,0.7723762056698908,0.7824257821486952,0.010049576478804334,0.5992647058823529
papalexi2021_rep3,papalexi2021_rep1__papalexi2021_rep2,different_guide_identities,False,17,0.8000038340526177,0.8204373685137138,0.020433534461096192,0.8152467793944328,0.8247592287506322,0.009512449356199437,0.6213235294117647
papalexi2021_rep3,papalexi2021_rep1__papalexi2021_rep2,different_guide_identities,False,18,0.6979043529890471,0.7323078309695431,0.03440347798049603,0.8280192450283281,0.8382744488726863,0.010255203844358185,0.6654411764705882
papalexi2021_rep3,papalexi2021_rep1__papalexi2021_rep2,different_guide_identities,False,19,0.5252790325375993,0.46239351455774585,-0.06288551797985348,0.7800980403259274,0.7665767602375517,-0.01352128008837572,0.6139705882352942
papalexi2021_rep3,papalexi2021_rep1__papalexi2021_rep2,different_guide_identities,False,20,0.545462994422039,0.8406502294314911,0.2951872350094521,0.7539519479763317,0.8182247768631312,0.06427282888679953,0.6305147058823529
papalexi2021_rep3,papalexi2021_rep1__papalexi2021_rep2,different_guide_identities,False,21,0.5553520674609627,0.6179914913034916,0.06263942384252896,0.8249705074937557,0.8348886173659098,0.009918109872154135,0.6801470588235294
papalexi2021_rep3,papalexi2021_rep1__papalexi2021_rep2,different_guide_identities,False,22,0.7878789385427892,0.46229948791459535,-0.3255794506281939,0.8427815889956353,0.7754538289289047,-0.06732776006673058,0.6966911764705882
papalexi2021_rep3,papalexi2021_rep1__papalexi2021_rep2,different_guide_identities,False,23,0.2906617748156287,0.4053060611700141,0.1146442863543854,0.7911590318502624,0.824533293923973,0.03337426207371064,0.7297794117647058
papalexi2021_rep3,papalexi2021_rep1__papalexi2021_rep2,different_guide_identities,False,24,0.3070283600493219,0.4008623729513918,0.09383401290206994,0.7541378045973635,0.771649541226747,0.017511736629383545,0.65625
papalexi2021_rep3,papalexi2021_rep1__papalexi2021_rep2,different_guide_identities,False,25,0.7652873603123641,0.6350189784264298,-0.13026838188593426,0.8311334690876212,0.8125391319500855,-0.018594337137535666,0.6470588235294118
papalexi2021_rep3,papalexi2021_rep1__papalexi2021_rep2,different_guide_identities,False,26,0.38988345610266195,0.7225652841900735,0.33268182808741154,0.7481747357734058,0.8178429539250798,0.06966821815167401,0.6599264705882353
papalexi2021_rep3,papalexi2021_rep1__papalexi2021_rep2,different_guide_identities,False,27,0.5641979608277519,0.6833057687540646,0.1191078079263127,0.7810007064494522,0.8086817162076678,0.027681009758215636,0.6691176470588235
papalexi2021_rep3,papalexi2021_rep1__papalexi2021_rep2,different_guide_identities,False,28,0.40543912309087504,0.7260951412493584,0.3206560181584833,0.7678399183657078,0.8162071506024252,0.04836723223671746,0.6672794117647058
papalexi2021_rep3,papalexi2021_rep1__papalexi2021_rep2,different_guide_identities,False,29,0.6845064821345371,0.6950358823692454,0.010529400234708275,0.8254278974461717,0.8111775899513789,-0.014250307494792835,0.6654411764705882
papalexi2021_rep3,papalexi2021_rep1__papalexi2021_rep2,different_guide_identities,False,30,0.5997526289889575,0.6903589946532126,0.09060636566425506,0.7523761246322881,0.735471389253288,-0.016904735379000058,0.6011029411764706
papalexi2021_rep3,papalexi2021_rep1__papalexi2021_rep2,different_guide_identities,False,31,0.40405904059040587,0.48736990222059484,0.08331086163018897,0.807616056179259,0.807967114434729,0.0003510582554699937,0.7058823529411765
papalexi2021_rep3,papalexi2021_rep1__papalexi2021_rep2,different_guide_identities,False,32,0.7708463484018001,0.8636645690306726,0.09281822062887246,0.816650220844371,0.8298281249459883,0.013177904101617344,0.6066176470588235
papalexi2021_rep3,papalexi2021_rep1__papalexi2021_rep2,different_guide_identities,False,33,0.502161549859476,0.4600620076991157,-0.042099542160360326,0.742665332042765,0.7506773108727586,0.008011978829993605,0.5900735294117647
papalexi2021_rep3,papalexi2021_rep1__papalexi2021_rep2,different_guide_identities,False,34,0.6650166272378357,0.5906306492617607,-0.07438597797607505,0.7620264617399134,0.7440457215854599,-0.0179807401544535,0.5753676470588235
papalexi2021_rep3,papalexi2021_rep1__papalexi2021_rep2,different_guide_identities,False,35,0.5336628565858617,0.5425404864225808,0.008877629836719136,0.813683485572002,0.8397745513689501,0.026091065796948087,0.7261029411764706
papalexi2021_rep3,papalexi2021_rep1__papalexi2021_rep2,different_guide_identities,False,36,0.4196923871606961,0.39852011494037914,-0.02117227222031698,0.7721515480206549,0.7492200575340173,-0.022931490486637562,0.6415441176470589
papalexi2021_rep3,papalexi2021_rep1__papalexi2021_rep2,different_guide_identities,False,37,0.4478738147395327,0.38030776431863667,-0.06756605042089603,0.7240317978409998,0.7342996906916133,0.01026789285061347,0.6397058823529411
papalexi2021_rep3,papalexi2021_rep1__papalexi2021_rep2,different_guide_identities,False,38,0.739827936030792,0.7332102439193968,-0.006617692111395179,0.8019652876919312,0.8075480372544603,0.005582749562529132,0.6102941176470589
papalexi2021_rep3,papalexi2021_rep1__papalexi2021_rep2,different_guide_identities,False,39,0.4695392617007254,0.42260442260442255,-0.04693483909630286,0.757827014552793,0.7523925712047468,-0.005434443348046214,0.6213235294117647
papalexi2021_rep3,papalexi2021_rep1__papalexi2021_rep2,different_guide_identities,False,40,0.7916176969228609,0.7112927112874396,-0.08032498563542123,0.8317459144205468,0.8033442124664552,-0.02840170195409164,0.65625
papalexi2021_rep3,papalexi2021_rep1__papalexi2021_rep2,different_guide_identities,False,41,0.3024480227009622,0.5832822244934567,0.28083420179249446,0.6824981817250416,0.8199943303884696,0.13749614866342796,0.6544117647058824
papalexi2021_rep3,papalexi2021_rep1__papalexi2021_rep2,different_guide_identities,False,42,0.6920382763686681,0.6596934319045579,-0.032344844464110234,0.7743485707991548,0.7701445461677404,-0.004204024631414338,0.6066176470588235
papalexi2021_rep3,papalexi2021_rep1__papalexi2021_rep2,different_guide_identities,False,43,0.5000034463889312,0.7481487211438339,0.24814527475490267,0.7587132065478734,0.8187962913552229,0.060083084807349474,0.6470588235294118
papalexi2021_rep3,papalexi2021_rep1__papalexi2021_rep2,different_guide_identities,False,44,0.8088834627266491,0.7367260610525093,-0.07215740167413986,0.8096247478492289,0.8075208136910668,-0.002103934158162124,0.6378676470588235
papalexi2021_rep3,papalexi2021_rep1__papalexi2021_rep2,different_guide_identities,False,45,0.5520650219843907,0.6586579335952161,0.1065929116108254,0.8080470078388547,0.822989086797478,0.014942078958623206,0.6617647058823529
papalexi2021_rep3,papalexi2021_rep1__papalexi2021_rep2,different_guide_identities,False,46,0.43765565510233856,0.6036924220009426,0.16603676689860408,0.8079678617470571,0.829245669927439,0.02127780818038183,0.7058823529411765
papalexi2021_rep3,papalexi2021_rep1__papalexi2021_rep2,different_guide_identities,False,47,0.6609144634745381,0.5829319532386122,-0.07798251023592584,0.7637694297904615,0.7530627332496656,-0.010706696540795924,0.5716911764705882
papalexi2021_rep3,papalexi2021_rep1__papalexi2021_rep2,different_guide_identities,False,48,0.6783971297002399,0.7236286297601622,0.04523150005992227,0.7917482617404222,0.7987136334806101,0.006965371740187853,0.6194852941176471
papalexi2021_rep3,papalexi2021_rep1__papalexi2021_rep2,different_guide_identities,False,49,0.70671716541975,0.641057281503346,-0.0656598839164041,0.826325220909185,0.8153526201847461,-0.010972600724438952,0.6599264705882353
papalexi2021_rep3,papalexi2021_rep1__papalexi2021_rep2,different_guide_identities,False,50,0.6161430621171402,0.6369231975239303,0.020780135406790134,0.8701278999019051,0.8747171474599026,0.0045892475579975,0.7720588235294118
papalexi2021_rep3,papalexi2021_rep1__papalexi2021_rep2,different_guide_identities,False,51,0.626920831383905,0.3810137042416685,-0.24590712714223645,0.746904100471088,0.6903163050965279,-0.05658779537456016,0.5716911764705882
papalexi2021_rep3,papalexi2021_rep1__papalexi2021_rep2,different_guide_identities,False,52,0.5852909292180772,0.5826144996242487,-0.002676429593828522,0.7313317223013914,0.7710269917990507,0.039695269497659225,0.59375
papalexi2021_rep3,papalexi2021_rep1__papalexi2021_rep2,different_guide_identities,False,53,0.6771651383227749,0.7436705010446336,0.0665053627218587,0.7860110255709304,0.7951608371564037,0.009149811585473344,0.5955882352941176
papalexi2021_rep3,papalexi2021_rep1__papalexi2021_rep2,different_guide_identities,False,54,0.684840355509874,0.656159518773945,-0.028680836735929027,0.7507601719215042,0.7309737466433509,-0.01978642527815333,0.5367647058823529
papalexi2021_rep3,papalexi2021_rep1__papalexi2021_rep2,different_guide_identities,False,55,0.4790385885799378,0.4322660098522167,-0.046772578727721115,0.8316285470764817,0.8210873725647191,-0.010541174511762619,0.7224264705882353
papalexi2021_rep3,papalexi2021_rep1__papalexi2021_rep2,different_guide_identities,False,56,0.728003446178316,0.7086674616183374,-0.019335984559978647,0.8015515210651998,0.8040087197080601,0.0024571986428603143,0.6341911764705882
papalexi2021_rep3,papalexi2021_rep1__papalexi2021_rep2,different_guide_identities,False,57,0.924862560693663,0.7319334317757478,-0.19292912891791525,0.803650940142614,0.7826749925811884,-0.020975947561425512,0.5514705882352942
papalexi2021_rep3,papalexi2021_rep1__papalexi2021_rep2,different_guide_identities,False,58,0.6436171096297869,0.2767815122457586,-0.3668355973840283,0.7890170111690981,0.6974183014637707,-0.09159870970532735,0.6507352941176471
papalexi2021_rep3,papalexi2021_rep1__papalexi2021_rep2,different_guide_identities,False,59,0.5516609339175834,0.6707703738581792,0.11910943994059575,0.7184715408642204,0.7070313266666532,-0.011440214197567133,0.5441176470588235
papalexi2021_rep3,papalexi2021_rep1__papalexi2021_rep2,different_guide_identities,False,60,0.7449044039844318,0.8227302372365367,0.0778258332521049,0.8173501513804822,0.8275012135536033,0.010151062173121117,0.65625
papalexi2021_rep3,papalexi2021_rep1__papalexi2021_rep2,different_guide_identities,False,61,0.6099128499017551,0.609847193113262,-6.565678849312917e-05,0.8225342296952374,0.8319513827015449,0.009417153006307522,0.6893382352941176
papalexi2021_rep3,papalexi2021_rep1__papalexi2021_rep2,different_guide_identities,False,62,0.47179613526786507,0.6604625230564619,0.18866638778859685,0.8239024560959034,0.8680650260627011,0.04416256996679768,0.7444852941176471
papalexi2021_rep3,papalexi2021_rep1__papalexi2021_rep2,different_guide_identities,False,63,0.5565221685292876,0.574259184945301,0.01773701641601344,0.7652422514108824,0.7846582546274371,0.019416003216554678,0.6194852941176471
papalexi2021_rep3,papalexi2021_rep1__papalexi2021_rep2,different_guide_identities,False,64,0.633281299646449,0.7138462890123277,0.08056498936587875,0.757977525946276,0.7714651795304368,0.01348765358416082,0.59375
papalexi2021_rep3,papalexi2021_rep1__papalexi2021_rep2,different_guide_identities,False,65,0.4096647602982264,0.6008614631410023,0.1911967028427759,0.7011553432840468,0.7483776330959506,0.047222289811903795,0.5680147058823529
papalexi2021_rep3,papalexi2021_rep1__papalexi2021_rep2,different_guide_identities,False,66,0.4111221793890386,0.3502006388385819,-0.06092154055045673,0.6699333706470384,0.662613137775335,-0.007320232871703358,0.5882352941176471
papalexi2021_rep3,papalexi2021_rep1__papalexi2021_rep2,different_guide_identities,False,67,0.616527029517263,0.6646161378196095,0.04808910830234647,0.7845919810317518,0.7954903869899004,0.010898405958148616,0.6507352941176471
papalexi2021_rep3,papalexi2021_rep1__papalexi2021_rep2,different_guide_identities,False,68,0.7704302327584688,0.7131412583143627,-0.05728897444410608,0.7976078992974539,0.7805038661777958,-0.017104033119658135,0.6066176470588235
papalexi2021_rep3,papalexi2021_rep1__papalexi2021_rep2,different_guide_identities,False,69,0.6228414047930318,0.33937374488932476,-0.2834676599037071,0.7972321051689564,0.717956409969548,-0.07927569519940836,0.6488970588235294
papalexi2021_rep3,papalexi2021_rep1__papalexi2021_rep2,different_guide_identities,False,70,0.6594705926799773,0.694937796874287,0.03546720419430971,0.7458376790272875,0.7548165499317099,0.008978870904422398,0.5863970588235294
papalexi2021_rep3,papalexi2021_rep1__papalexi2021_rep2,different_guide_identities,False,71,0.5417440739116824,0.5853535331224093,0.0436094592107269,0.7699630150612795,0.7778902734136298,0.007927258352350308,0.6709558823529411
papalexi2021_rep3,papalexi2021_rep1__papalexi2021_rep2,different_guide_identities,False,72,0.643430103927851,0.6840195963430548,0.04058949241520371,0.7794872018420352,0.7902337903229988,0.010746588480963548,0.6360294117647058
papalexi2021_rep3,papalexi2021_rep1__papalexi2021_rep2,different_guide_identities,False,73,0.5213095497204482,0.5529573423226144,0.031647792602166214,0.7723159691855626,0.775284668684593,0.002968699499030447,0.6158088235294118
papalexi2021_rep3,papalexi2021_rep1__papalexi2021_rep2,different_guide_identities,False,74,0.6650032573826639,0.5376487277856727,-0.12735452959699112,0.7187296800361788,0.736545126436184,0.017815446400005208,0.5882352941176471
papalexi2021_rep3,papalexi2021_rep1__papalexi2021_rep2,different_guide_identities,False,75,0.7854506587526908,0.5512983198125923,-0.23415233894009857,0.804376508397648,0.7019299047561915,-0.10244660364145641,0.59375
papalexi2021_rep3,papalexi2021_rep1__papalexi2021_rep2,different_guide_identities,False,76,0.5139665794648579,0.46539505834886263,-0.048571521115995275,0.7509868858674006,0.7567552749538045,0.005768389086403869,0.625
papalexi2021_rep3,papalexi2021_rep1__papalexi2021_rep2,different_guide_identities,False,77,0.11277751098962224,0.049382716049382706,-0.06339479494023953,0.6440735392779078,0.672889815934258,0.028816276656350226,0.6286764705882353
papalexi2021_rep3,papalexi2021_rep1__papalexi2021_rep2,different_guide_identities,False,78,0.5160895041614347,0.5976442562049732,0.08155475204353846,0.8172582630208604,0.7940929759998747,-0.023165287020985637,0.6636029411764706
papalexi2021_rep3,papalexi2021_rep1__papalexi2021_rep2,different_guide_identities,False,79,0.6150994809789762,0.2918986334318654,-0.32320084754711076,0.705153030720721,0.6683809741416792,-0.03677205657904181,0.5588235294117647
papalexi2021_rep3,papalexi2021_rep1__papalexi2021_rep2,different_guide_identities,False,80,0.6128236744759556,0.7537042780860886,0.140880603610133,0.7660017702405245,0.7742532282392253,0.00825145799870075,0.5808823529411765
papalexi2021_rep3,papalexi2021_rep1__papalexi2021_rep2,different_guide_identities,False,81,0.4503414390631665,0.6752767527675276,0.22493531370436115,0.7455732464382984,0.7651780110568497,0.019604764618551318,0.5955882352941176
papalexi2021_rep3,papalexi2021_rep1__papalexi2021_rep2,different_guide_identities,False,82,0.41315422667533724,0.43086452588377544,0.017710299208438196,0.7458206288737214,0.709483890652792,-0.03633673822092931,0.6433823529411765
papalexi2021_rep3,papalexi2021_rep1__papalexi2021_rep2,different_guide_identities,False,83,0.3902348633563567,0.8377383266433946,0.44750346328703794,0.7513080211731272,0.8443291697549375,0.09302114858181032,0.6691176470588235
papalexi2021_rep3,papalexi2021_rep1__papalexi2021_rep2,different_guide_identities,False,84,0.39290711974299514,0.47378170643968326,0.08087458669668812,0.7196682926178494,0.7466995436380708,0.027031251020221414,0.6470588235294118
papalexi2021_rep3,papalexi2021_rep1__papalexi2021_rep2,different_guide_identities,False,85,0.5404072589077638,0.43368299430611634,-0.10672426460164741,0.7808618119793509,0.7599700327006231,-0.020891779278727762,0.6029411764705882
papalexi2021_rep3,papalexi2021_rep1__papalexi2021_rep2,different_guide_identities,False,86,0.652898153547174,0.6223054377279403,-0.030592715819233618,0.8533912488835175,0.8506869857242911,-0.002704263159226339,0.7352941176470589
papalexi2021_rep3,papalexi2021_rep1__papalexi2021_rep2,different_guide_identities,False,87,0.782797629213687,0.7295167089313007,-0.05328092028238629,0.8235447341429716,0.8212395867780815,-0.00230514736489007,0.6341911764705882
papalexi2021_rep3,papalexi2021_rep1__papalexi2021_rep2,different_guide_identities,False,88,0.8794078214803375,0.7133174349896886,-0.1660903864906489,0.8578073064718826,0.8275074541591626,-0.030299852312720033,0.6672794117647058
papalexi2021_rep3,papalexi2021_rep1__papalexi2021_rep2,different_guide_identities,False,89,0.6543209876543209,0.6420220456559542,-0.012298941998366675,0.7818200137160993,0.7952040357398272,0.013384022023727904,0.6139705882352942
papalexi2021_rep3,papalexi2021_rep1__papalexi2021_rep2,different_guide_identities,False,90,0.33748197314856276,0.359856468605926,0.022374495457363253,0.7947243132864347,0.8007388933244522,0.006014580038017581,0.6727941176470589
papalexi2021_rep3,papalexi2021_rep1__papalexi2021_rep2,different_guide_identities,False,91,0.731030367358105,0.49999999999999994,-0.23103036735810506,0.7912932565560161,0.7753113269251894,-0.015981929630826675,0.6654411764705882
papalexi2021_rep3,papalexi2021_rep1__papalexi2021_rep2,different_guide_identities,False,92,0.3409656076654083,0.5197303103629063,0.178764702697498,0.7520902499857408,0.7771861559180439,0.025095905932303042,0.6488970588235294
papalexi2021_rep3,papalexi2021_rep1__papalexi2021_rep2,different_guide_identities,False,93,0.5136033114049201,0.6459364504239785,0.1323331390190584,0.7550881630804317,0.7793925989427718,0.0243044358623401,0.6415441176470589
papalexi2021_rep3,papalexi2021_rep1__papalexi2021_rep2,different_guide_identities,False,94,0.6856085310304473,0.6772041836983322,-0.008404347332115036,0.8195749908012018,0.8196495664502261,7.457564902435543e-05,0.6783088235294118
papalexi2021_rep3,papalexi2021_rep1__papalexi2021_rep2,different_guide_identities,False,95,0.760320538652551,0.6023432445850698,-0.15797729406748118,0.8260575221107228,0.8007282494124244,-0.025329272698298433,0.6654411764705882
papalexi2021_rep3,papalexi2021_rep1__papalexi2021_rep2,different_guide_identities,False,96,0.5958112458246716,0.748148148148148,0.1523369023234764,0.7666896135510971,0.7975481060594058,0.030858492508308744,0.6176470588235294
papalexi2021_rep3,papalexi2021_rep1__papalexi2021_rep2,different_guide_identities,False,97,0.726433773347764,0.7037085302533851,-0.022725243094378955,0.8286588624634689,0.820992260104771,-0.0076666023586978715,0.6709558823529411
papalexi2021_rep3,papalexi2021_rep1__papalexi2021_rep2,different_guide_identities,False,98,0.7547870494767627,0.46444041039688755,-0.2903466390798751,0.7894268755982099,0.7800305861237956,-0.009396289474414288,0.6084558823529411
papalexi2021_rep3,papalexi2021_rep1__papalexi2021_rep2,different_guide_identities,False,99,0.6217552533992584,0.6098770079844845,-0.011878245414773891,0.8224375727498026,0.8252132114629411,0.002775638713138573,0.7261029411764706
